id,x_last_service_date
__import__.property_44108241,6/24/2025
__import__.property_43566363,12/18/2024
__import__.property_40009660,3/6/2024
__import__.property_33356905,8/23/2023
__import__.property_33536690,6/9/2023
__import__.property_44726774,4/4/2025
__import__.property_50066242,1/29/2025
__import__.property_32684224,5/19/2023
__import__.property_31060797,4/21/2025
__import__.property_39820958,1/8/2025
__import__.property_29121401,4/21/2023
__import__.property_31003850,5/16/2024
__import__.property_25788312,1/9/2025
__import__.property_29864133,10/10/2024
__import__.property_24528835,2/3/2023
__import__.property_32620784,5/4/2023
__import__.property_49153609,12/5/2025
__import__.property_46176347,4/30/2025
__import__.property_19599825,2/18/2025
__import__.property_29323123,11/6/2025
__import__.property_30937521,4/11/2025
__import__.property_44213920,8/14/2024
__import__.property_34713602,9/16/2025
__import__.property_11384455,4/17/2023
__import__.property_16304443,11/14/2024
__import__.property_32973873,6/1/2023
__import__.property_33982991,6/30/2023
__import__.property_32300302,4/9/2025
__import__.property_11384477,4/22/2025
__import__.property_34183948,9/30/2025
__import__.property_19166277,5/28/2025
__import__.property_39327293,4/7/2025
__import__.property_49127615,11/4/2025
__import__.property_14577204,2/10/2025
__import__.property_40370861,12/16/2024
__import__.property_17672648,10/18/2024
__import__.property_48088608,10/31/2024
__import__.property_16766144,7/22/2025
__import__.property_16836750,10/15/2024
__import__.property_30880035,3/7/2023
__import__.property_16190809,5/30/2023
__import__.property_34625247,11/13/2025
__import__.property_34290727,7/6/2023
__import__.property_34064560,6/29/2023
__import__.property_12873743,11/18/2024
__import__.property_31286649,10/7/2024
__import__.property_40427915,3/29/2024
__import__.property_11384465,6/20/2023
__import__.property_45580614,9/24/2024
__import__.property_48744346,9/23/2025
__import__.property_28350309,10/10/2025
__import__.property_45719342,8/19/2025
__import__.property_17052224,11/11/2025
__import__.property_17616600,7/21/2023
__import__.property_43238482,5/20/2025
__import__.property_44109460,8/16/2024
__import__.property_33071802,9/19/2024
__import__.property_33519036,4/11/2025
__import__.property_33123247,6/1/2023
__import__.property_32620467,4/27/2023
__import__.property_33328668,5/26/2023
__import__.property_32810128,5/18/2023
__import__.property_17444259,5/1/2024
__import__.property_16637902,4/21/2023
__import__.property_32779618,5/3/2023
__import__.property_51396123,3/5/2025
__import__.property_38376101,12/10/2024
__import__.property_44278281,8/14/2024
__import__.property_33889708,6/21/2023
__import__.property_12084577,11/7/2024
__import__.property_39364456,3/19/2025
__import__.property_49918534,1/28/2025
__import__.property_18669847,5/19/2025
__import__.property_33706707,12/4/2024
__import__.property_32790496,5/12/2023
__import__.property_48068339,11/7/2024
__import__.property_24752017,6/6/2023
__import__.property_33772841,5/28/2024
__import__.property_24833568,5/27/2025
__import__.property_18900497,10/1/2024
__import__.property_24374404,3/26/2025
__import__.property_43471627,7/22/2024
__import__.property_18207403,7/25/2023
__import__.property_30930694,6/19/2025
__import__.property_47575331,10/22/2024
__import__.property_32696609,5/22/2023
__import__.property_33315627,10/18/2024
__import__.property_33997849,6/22/2023
__import__.property_35794358,11/4/2025
__import__.property_42455149,5/6/2025
__import__.property_42579133,5/28/2024
__import__.property_31830303,4/6/2023
__import__.property_33476046,6/14/2023
__import__.property_32079303,4/12/2023
__import__.property_33492994,4/24/2025
__import__.property_13375941,8/7/2023
__import__.property_29291419,12/21/2022
__import__.property_32564508,4/28/2025
__import__.property_32445279,4/20/2023
__import__.property_44273375,5/1/2025
__import__.property_30910794,3/16/2023
__import__.property_16834678,9/17/2025
__import__.property_44571838,8/26/2024
__import__.property_31284260,3/8/2023
__import__.property_49226501,5/16/2025
__import__.property_45600184,9/10/2024
__import__.property_23497221,11/8/2024
__import__.property_48013363,10/31/2024
__import__.property_48341870,11/11/2024
__import__.property_31338050,3/25/2025
__import__.property_37114119,2/19/2025
__import__.property_35080582,9/18/2024
__import__.property_32002440,4/3/2023
__import__.property_33493054,12/12/2024
__import__.property_43057185,6/26/2024
__import__.property_15814780,10/10/2025
__import__.property_43026966,6/13/2025
__import__.property_31060414,11/26/2024
__import__.property_45453548,11/7/2024
__import__.property_32905771,5/18/2023
__import__.property_34548147,7/20/2023
__import__.property_40343702,4/3/2024
__import__.property_47368560,11/1/2024
__import__.property_48120124,11/6/2024
__import__.property_25896052,4/20/2023
__import__.property_35608110,5/13/2025
__import__.property_36923368,12/5/2025
__import__.property_17378765,10/14/2023
__import__.property_34068747,3/6/2024
__import__.property_16921335,12/18/2024
__import__.property_43859483,7/25/2024
__import__.property_20648770,6/19/2025
__import__.property_49936556,1/14/2025
__import__.property_33775333,6/16/2023
__import__.property_32478156,5/20/2023
__import__.property_48959213,12/30/2024
__import__.property_42128646,5/20/2024
__import__.property_28358186,5/9/2025
__import__.property_44815161,8/31/2024
__import__.property_37762726,4/30/2025
__import__.property_32615742,5/2/2023
__import__.property_36923460,5/20/2025
__import__.property_50243051,1/23/2025
__import__.property_31533936,5/3/2023
__import__.property_49278640,3/21/2025
__import__.property_36901225,9/11/2025
__import__.property_42499231,5/31/2024
__import__.property_19231965,9/12/2025
__import__.property_35942322,5/6/2025
__import__.property_51074065,2/26/2025
__import__.property_36360859,8/12/2025
__import__.property_28873424,9/11/2024
__import__.property_28351862,12/10/2025
__import__.property_32638012,3/7/2024
__import__.property_29021558,2/20/2023
__import__.property_37762464,11/13/2025
__import__.property_30880303,2/16/2024
__import__.property_31094864,4/12/2023
__import__.property_29353916,12/19/2022
__import__.property_33353832,11/30/2023
__import__.property_32773375,8/11/2023
__import__.property_37568825,7/3/2025
__import__.property_17385471,6/21/2023
__import__.property_34315450,10/30/2024
__import__.property_34177267,7/1/2023
__import__.property_30800641,2/10/2023
__import__.property_20365307,12/16/2024
__import__.property_44612113,10/22/2025
__import__.property_51074373,8/19/2025
__import__.property_17078905,2/4/2025
__import__.property_42749007,6/10/2024
__import__.property_26550218,7/31/2024
__import__.property_32725751,7/15/2025
__import__.property_31912743,10/24/2025
__import__.property_29290838,6/25/2025
__import__.property_28667372,4/18/2025
__import__.property_23996175,5/24/2023
__import__.property_43055954,2/26/2025
__import__.property_44087006,8/6/2024
__export__.res_partner_26320_8a691138,
__export__.res_partner_26318_f0a0f073,
__export__.res_partner_26317_48f6febd,
__export__.res_partner_26315_ff1f0c0a,
__import__.property_29996903,3/27/2023
__import__.property_25773650,5/22/2025
__import__.property_21452738,10/9/2023
__import__.property_20091851,2/5/2023
__import__.property_34147867,6/6/2025
__import__.property_13157117,11/26/2024
__import__.property_24758419,8/13/2024
__import__.property_25765720,5/22/2025
__import__.property_22333021,8/5/2025
__import__.property_32600122,6/6/2023
__import__.property_40662946,3/22/2024
__import__.property_24374535,10/10/2024
__import__.property_42979469,6/18/2024
__import__.property_44748478,9/4/2024
__import__.property_37762502,10/23/2024
__import__.property_52054725,4/9/2025
__import__.property_16059549,10/26/2023
__import__.property_16183911,10/23/2024
__import__.property_20117658,5/27/2025
__import__.property_48564842,11/24/2025
__import__.property_48918381,12/3/2024
__import__.property_31667873,3/31/2023
__import__.property_48444783,11/14/2024
__import__.property_43239701,12/18/2024
__import__.property_47005898,10/3/2025
__import__.property_29489112,4/14/2025
__import__.property_34505480,7/14/2023
__import__.property_30920848,4/9/2025
__import__.property_25136147,9/12/2024
__import__.property_44992151,3/19/2025
__import__.property_48501641,5/1/2025
__import__.property_30788922,10/2/2024
__import__.property_45603508,9/17/2025
__import__.property_44433207,8/19/2024
__import__.property_18965037,12/20/2022
__import__.property_35324376,2/19/2025
__import__.property_41074712,12/13/2024
__import__.property_32896045,5/22/2023
__import__.property_16663024,8/21/2025
__import__.property_21550527,3/28/2025
__import__.property_44712747,7/1/2025
__import__.property_11384482,11/13/2024
__import__.property_23440180,3/21/2024
__import__.property_44213668,8/20/2024
__import__.property_32848386,5/20/2025
__import__.property_17906271,4/8/2025
__import__.property_44108870,5/14/2025
__import__.property_32842475,7/22/2025
__import__.property_12137882,4/24/2023
__import__.property_48376474,11/13/2024
__import__.property_11384470,8/7/2023
__import__.property_13918972,4/25/2023
__import__.property_31300197,3/9/2023
__import__.property_40379983,3/19/2024
__import__.property_17789376,5/15/2023
__import__.property_44338691,8/14/2024
__import__.property_46629816,9/5/2025
__import__.property_12424054,8/19/2025
__import__.property_33119881,6/9/2023
__import__.property_39990771,5/21/2025
__import__.property_46633133,10/9/2024
__import__.property_11384466,10/7/2025
__import__.property_33355285,11/21/2023
__import__.property_28352975,11/1/2024
__import__.property_36163103,11/24/2025
__import__.property_27515192,10/14/2024
__import__.property_12172967,10/21/2025
__import__.property_32069879,4/10/2025
__import__.property_39056349,4/28/2025
__import__.property_37102074,6/19/2025
__import__.property_13816404,11/11/2025
__import__.property_30331477,2/7/2023
__import__.property_29861043,1/2/2023
__import__.property_34150268,4/29/2025
__import__.property_50347927,2/4/2025
__import__.property_45234140,4/18/2025
__import__.property_36469483,4/18/2025
__import__.property_31687334,3/27/2023
__import__.property_31060276,2/4/2025
__import__.property_30258773,7/8/2024
__import__.property_30290316,2/7/2023
__import__.property_33840121,1/9/2025
__import__.property_33230248,5/23/2023
__import__.property_43456440,7/17/2024
__import__.property_33493382,6/2/2023
__import__.property_34315257,4/29/2025
__import__.property_32600077,5/20/2025
__import__.property_19968591,5/23/2025
__import__.property_36901280,2/11/2025
__import__.property_11383901,10/4/2023
__import__.property_23117365,5/19/2025
__import__.property_29428643,6/2/2023
__import__.property_24855463,8/13/2024
__import__.property_44337381,5/7/2025
__import__.property_33158853,2/27/2025
__import__.property_33142066,5/25/2023
__import__.property_34314919,7/22/2024
__import__.property_30909241,4/23/2025
__import__.property_14972034,3/26/2025
__import__.property_51817684,3/26/2025
__import__.property_29590081,3/22/2025
__import__.property_41763418,10/21/2025
__import__.property_48917859,12/2/2024
__import__.property_31787773,10/6/2023
__import__.property_47590701,10/16/2024
__import__.property_49379633,12/27/2024
__import__.property_47592969,10/25/2024
__import__.property_49046643,8/15/2025
__import__.property_32620943,5/15/2023
__import__.property_31292082,3/24/2023
__import__.property_37101902,12/18/2024
__import__.property_21785972,10/20/2023
__import__.property_16641484,5/22/2023
__import__.property_47364554,10/15/2024
__import__.property_35942405,7/29/2025
__import__.property_30909058,4/29/2025
__import__.property_30940425,5/8/2025
__import__.property_31340359,3/25/2025
__import__.property_29220535,6/17/2025
__import__.property_32298199,11/21/2024
__import__.client_1307,
__import__.property_18696418,8/21/2021
__import__.client_1594,
__import__.property_37545572,3/29/2024
__import__.property_36380025,11/4/2023
__import__.client_1561,
__import__.property_34825204,12/13/2023
__import__.property_34666994,7/19/2023
__import__.client_1499,
__import__.client_1766,
__import__.client_1387,
__import__.client_1676,
__import__.client_1313,
__import__.client_1535,
__import__.client_1530,
__import__.client_1032,
__import__.property_11384471,6/18/2024
__import__.client_1525,
__import__.property_33123299,11/13/2025
__import__.client_1323,
__import__.property_19368691,10/12/2022
__import__.client_1355,
__import__.client_1428,
__import__.property_28634561,11/7/2022
__import__.property_31289641,11/1/2024
__import__.client_1588,
__import__.client_1568,
__import__.property_34804905,7/28/2023
__import__.client_1215,
__import__.property_16638056,9/20/2021
__import__.client_1830,
__import__.property_55842651,8/15/2025
__import__.client_1785,
__import__.client_1222,
__import__.property_16754502,6/20/2022
__import__.client_1769,
__import__.client_1602,
__import__.property_37101833,3/6/2024
__import__.property_36821746,10/19/2023
__import__.client_1470,
__import__.client_1050,
__import__.property_11422844,10/11/2019
__import__.client_1759,
__import__.client_1825,
__import__.property_54957575,7/29/2025
__import__.client_1666,
__import__.client_1292,
__import__.property_18082281,7/21/2021
__import__.client_1767,
__import__.client_1080,
__import__.property_12479165,6/27/2023
__import__.client_1117,
__import__.property_13587369,9/5/2023
__import__.client_1517,
__import__.client_1131,
__import__.property_14358706,11/20/2020
__import__.client_1076,
__import__.property_12404911,7/10/2025
__import__.property_36218783,9/27/2023
__import__.client_1853,
__import__.property_59069819,12/9/2025
__import__.client_1794,
__import__.client_1294,
__import__.property_18214608,7/27/2021
__import__.client_1777,
__import__.client_1440,
__import__.client_1542,
__import__.property_33834263,12/5/2025
__import__.client_1142,
__import__.property_30877368,12/2/2025
__import__.property_15588784,8/23/2022
__import__.client_1644,
__import__.property_38932200,9/6/2024
__import__.client_1083,
__import__.property_12622252,7/7/2020
__import__.client_1393,
__import__.property_25051546,7/29/2025
__import__.client_1417,
__import__.property_28163845,10/13/2022
__import__.client_1299,
__import__.property_18374832,8/6/2021
__import__.client_1675,
__import__.client_1533,
__import__.client_1396,
__import__.property_25581528,6/29/2022
__import__.client_1265,
__import__.property_17501461,6/16/2021
__import__.client_1424,
__import__.property_28474580,12/1/2022
__import__.client_1019,
__import__.property_11384458,7/14/2020
__import__.property_18143016,4/21/2022
__import__.client_1089,
__import__.client_1815,
__import__.property_53592552,12/3/2025
__import__.client_1802,
__import__.client_1063,
__import__.property_12002271,1/14/2021
__import__.client_1745,
__import__.client_1190,
__import__.property_38375576,3/15/2024
__import__.property_16322237,9/19/2025
__import__.client_1429,
__import__.property_28650986,11/18/2024
__import__.client_1016,
__import__.property_11384454,9/24/2025
__import__.client_1054,
__import__.property_11433279,12/5/2019
__import__.client_1718,
__import__.client_1551,
__import__.client_1584,
__import__.property_35699191,11/1/2024
__import__.property_56523997,9/15/2025
__import__.client_1559,
__import__.property_34628358,8/11/2023
__import__.property_34505884,10/13/2025
__import__.client_1384,
__import__.client_1196,
__import__.property_16411139,4/14/2021
__import__.client_1693,
__import__.client_1598,
__import__.property_36707753,11/14/2025
__import__.client_1444,
__import__.client_1824,
__import__.property_54853463,7/15/2025
__import__.client_1783,
__import__.client_1178,
__import__.property_16178565,4/1/2021
__import__.client_1472,
__import__.property_43837211,11/12/2025
__import__.client_1213,
__import__.property_16612740,8/26/2022
__import__.client_1376,
__import__.property_23524149,4/6/2022
__import__.client_1027,
__import__.client_1625,
__import__.property_37543741,11/16/2023
__import__.client_1309,
__import__.property_18789036,9/3/2021
__import__.client_1560,
__import__.client_1375,
__import__.property_23488687,7/15/2022
__import__.client_1321,
__import__.property_19272673,10/7/2021
__import__.client_1074,
__import__.property_12238171,10/7/2025
__import__.client_1330,
__import__.property_19976842,10/29/2021
__import__.client_1685,
__import__.client_1547,
__import__.property_34315428,6/6/2025
__import__.client_1354,
__import__.property_20673141,1/11/2022
__import__.client_1013,
__import__.property_11384451,1/4/2021
__import__.client_1098,
__import__.property_13325980,8/31/2020
__import__.client_1308,
__import__.property_18788853,9/1/2021
__import__.client_1436,
__import__.client_1186,
__import__.property_16232015,7/15/2022
__import__.client_1212,
__export__.res_partner_26321_0b8d11e0,
__import__.client_1548,
__import__.property_35326723,5/28/2025
__import__.client_1531,
__import__.client_1394,
__import__.property_25196500,6/22/2022
__import__.client_1035,
__import__.property_11384475,1/12/2022
__import__.client_1173,
__import__.property_16069708,8/4/2022
__import__.client_1727,
__import__.client_1449,
__import__.client_1333,
__import__.property_20014142,11/8/2021
__import__.client_1288,
__import__.property_18027632,7/13/2021
__import__.client_1775,
__import__.client_1348,
__import__.property_20625459,12/3/2021
__import__.client_1773,
__import__.client_1017,
__import__.client_1260,
__import__.client_1581,
__import__.property_35191842,8/9/2023
__import__.client_1712,
__import__.client_1172,
__import__.property_16060828,7/15/2022
__import__.client_1029,
__import__.property_11384468,2/7/2022
__import__.property_22213061,10/24/2023
__import__.client_1181,
__import__.client_1553,
__import__.client_1335,
__import__.property_20109303,11/8/2021
__import__.client_1132,
__import__.property_14446464,12/10/2020
__import__.client_1761,
__import__.property_47430417,9/11/2025
__import__.client_1448,
base.partner_admin,
__import__.client_1514,
__import__.client_1042,
__import__.client_1219,
__import__.property_16690223,9/20/2021
__import__.client_1739,
__import__.client_1765,
__import__.client_1322,
__import__.property_19299279,10/27/2021
__import__.client_1223,
__import__.property_36901288,3/13/2024
__import__.client_1621,
__import__.property_37427041,11/8/2023
__import__.client_1673,
__import__.client_1009,
__import__.property_11384447,6/16/2022
__import__.client_1431,
__import__.property_28792354,11/18/2022
__import__.client_1086,
__import__.property_12900920,8/3/2020
__import__.client_1057,
__import__.property_11481667,3/6/2020
__import__.client_1277,
__import__.property_17774498,7/6/2021
__import__.client_1361,
__import__.property_22334093,2/24/2022
__import__.client_1729,
__import__.client_1324,
__import__.property_19488058,10/11/2021
__import__.client_1022,
__import__.property_11384461,9/20/2019
__import__.client_1575,
__import__.client_1252,
__import__.property_17368797,6/8/2021
__import__.client_1591,
__import__.property_36099271,9/15/2023
__import__.client_1012,
__import__.property_11384450,7/6/2021
__import__.property_17907895,10/11/2022
__import__.client_1626,
__import__.property_37543878,11/11/2023
__import__.client_1806,
__import__.property_52612021,4/23/2025
__import__.client_1405,
__import__.property_26162331,12/2/2025
__import__.property_25938506,7/19/2022
__import__.client_1235,
__import__.client_1350,
__import__.property_20647050,4/29/2022
__import__.client_1268,
__import__.property_17601077,9/20/2023
__import__.client_1043,
__import__.property_11384483,10/28/2025
__import__.client_1347,
__import__.property_20625392,11/19/2025
__import__.client_1521,
__import__.client_1237,
__import__.client_1667,
__import__.property_39875989,2/21/2024
__import__.client_1482,
__import__.client_1505,
__import__.client_1529,
__import__.property_33335324,10/10/2025
__import__.client_1605,
__import__.property_36923561,10/27/2023
__import__.client_1349,
__import__.property_20646818,8/2/2022
__import__.client_1037,
__import__.client_1102,
__import__.property_35170361,5/20/2025
__import__.client_1469,
__import__.client_1480,
__import__.property_36901326,10/16/2024
__import__.client_1351,
__import__.client_1797,
__import__.client_1595,
__import__.property_36380083,9/28/2023
__import__.client_1295,
__import__.property_18218617,8/7/2021
__import__.client_1328,
__import__.client_1464,
__import__.client_1209,
__import__.property_16597904,4/22/2021
__import__.client_1804,
__import__.client_1731,
__import__.client_1346,
__import__.property_20496153,4/17/2024
__import__.client_1411,
__import__.property_27483860,9/15/2022
__import__.client_1046,
__import__.property_11401529,9/14/2021
__import__.client_1425,
__import__.property_28515515,11/21/2022
__import__.client_1701,
__import__.client_1147,
__import__.property_15738120,3/18/2021
__import__.client_1282,
__import__.client_1357,
__import__.client_1171,
__import__.client_1261,
__import__.property_17444630,6/20/2022
__import__.client_1528,
__import__.client_1707,
__import__.client_1691,
__import__.property_42938042,10/28/2025
__import__.client_1287,
__import__.property_18007182,6/8/2022
__import__.client_1700,
__import__.property_43335032,12/12/2025
__import__.client_1781,
__import__.client_1502,
__import__.client_1524,
__import__.client_1276,
__import__.property_17757148,7/9/2021
__import__.client_1380,
__import__.property_24206619,9/2/2025
__import__.client_1025,
__import__.property_30879347,8/26/2025
__import__.property_11384464,1/25/2023
__import__.client_1500,
__import__.property_32579207,11/21/2025
__import__.client_1318,
__import__.client_1264,
__import__.property_17485384,6/14/2021
__import__.client_1008,
__import__.property_11384446,8/11/2021
__import__.property_18534874,8/15/2023
__import__.client_1443,
__import__.client_1452,
__import__.client_1717,
__import__.client_1334,
__import__.property_20038711,11/5/2021
__import__.client_1414,
__import__.property_28079401,10/19/2022
__import__.client_1694,
__import__.client_1227,
__import__.client_1297,
__import__.property_18292160,3/29/2022
__import__.client_1161,
__import__.property_15944970,3/16/2021
__import__.client_1812,
__import__.property_53333674,5/27/2025
__import__.client_1629,
__import__.property_37608871,11/16/2023
__import__.client_1504,
__import__.client_1036,
__import__.property_11384476,11/11/2023
__import__.client_1557,
__import__.property_34368235,9/17/2024
__import__.client_1372,
__import__.property_23294513,4/20/2022
__import__.client_1741,
__import__.client_1136,
__import__.property_14718134,8/31/2021
__import__.client_1325,
__import__.property_19504084,10/28/2024
__import__.client_1075,
__import__.property_12245177,6/10/2020
__import__.client_1040,
__import__.property_11384480,5/28/2020
__import__.client_1381,
__import__.property_24370643,5/31/2022
__import__.client_1024,
__import__.property_11384463,1/24/2020
__import__.client_1034,
__import__.property_11384474,12/2/2025
__import__.client_1377,
__import__.property_23996750,4/24/2022
__import__.client_1665,
__import__.property_39757668,11/21/2025
__import__.client_1197,
__import__.property_16438010,9/10/2021
__import__.client_1397,
__import__.property_25618338,6/29/2022
__import__.client_1494,
__import__.property_37571364,11/13/2023
__import__.client_1833,
__import__.property_56056861,8/26/2025
__import__.client_1564,
__import__.property_34713362,7/27/2023
__import__.client_1552,
__import__.property_34177251,10/28/2025
__import__.client_1760,
__import__.client_1653,
__import__.client_1038,
__import__.property_16268929,8/17/2022
__import__.property_11384478,4/2/2021
__import__.client_1336,
__import__.client_1837,
__import__.property_56386340,10/16/2025
__import__.client_1385,
__import__.property_24752048,6/3/2022
__import__.property_25003269,5/22/2024
__import__.client_1320,
__import__.property_19255432,3/25/2022
__import__.client_1404,
__import__.client_1695,
__import__.client_1501,
__import__.client_1041,
__import__.property_11384481,10/1/2021
__import__.client_1583,
__import__.property_35282517,8/17/2023
__import__.client_1534,
__import__.client_1077,
__import__.client_1733,
__import__.client_1403,
__import__.property_25892282,7/13/2022
__import__.client_1067,
__import__.property_12078650,2/24/2022
__import__.client_1068,
__import__.property_12079401,5/21/2020
__import__.client_1623,
__import__.property_37473874,11/15/2023
__import__.client_1846,
__import__.property_58093907,11/12/2025
__import__.client_1532,
__import__.property_33355607,10/28/2025
__import__.client_1383,
__import__.property_24833066,11/13/2025
__import__.client_1145,
__import__.property_15717845,9/24/2024
__import__.client_1332,
__import__.property_19996337,11/1/2021
__import__.client_1399,
__import__.client_1071,
__import__.client_1633,
__import__.property_37726095,11/17/2023
__import__.client_1792,
__import__.client_1158,
__import__.property_15907701,6/10/2025
__import__.client_1250,
__import__.property_17310395,6/2/2021
__import__.client_1023,
__import__.property_11384462,10/22/2025
__import__.client_1155,
__import__.property_16445898,8/31/2023
__import__.property_15858136,9/20/2021
__import__.client_1787,
__import__.client_1408,
__import__.property_26949356,8/25/2022
__import__.client_1419,
__import__.client_1053,
__import__.property_11432357,10/22/2019
__import__.client_1439,
__import__.client_1453,
__import__.client_1030,
__import__.property_11384469,6/3/2020
__import__.client_1183,
__import__.property_16197541,4/13/2021
__import__.client_1331,
__import__.property_19996114,11/2/2021
__import__.client_1746,
__import__.property_46607134,12/3/2025
__import__.client_1210,
__import__.property_16598806,4/28/2021
__import__.client_1150,
__import__.client_1421,
__import__.property_28387915,11/1/2022
__import__.property_28803768,4/16/2024
__import__.client_1487,
__import__.client_1674,
__import__.property_40371418,11/4/2025
__import__.client_1637,
__import__.property_37972154,11/28/2023
__import__.property_38042445,11/7/2024
__import__.client_1319,
__import__.property_19237557,9/24/2021
__import__.client_1326,
__import__.client_1204,
__import__.property_16566654,4/20/2021
__import__.client_1604,
__import__.property_36921433,10/20/2023
__import__.client_1065,
__import__.property_37259785,10/31/2023
__import__.property_37101675,9/16/2025
__import__.property_12019060,10/18/2023
__import__.client_1298,
__import__.property_18374380,9/30/2025
__import__.client_1188,
__import__.property_16295942,4/7/2021
__import__.client_1779,
__import__.client_1378,
__import__.property_24090655,5/2/2022
__import__.client_1772,
__import__.client_1714,
__import__.client_1539,
__import__.client_1555,
__import__.client_1809,
__import__.property_52794544,4/25/2025
__import__.client_1724,
__import__.client_1578,
__import__.property_35163405,8/10/2023
__import__.client_1596,
__import__.property_36394350,9/28/2023
__import__.client_1153,
__import__.property_15829483,3/18/2021
__import__.client_1817,
__import__.property_53826190,6/11/2025
__import__.client_1832,
__import__.property_56056594,9/23/2025
__import__.client_1422,
__import__.client_1033,
__import__.property_11384473,2/11/2022
__import__.client_1003,
__import__.property_11384441,5/7/2021
__import__.property_35275850,1/23/2024
__import__.property_14701864,6/25/2021
__import__.property_16897906,11/25/2025
__import__.client_1370,
__import__.property_32898849,7/15/2024
__import__.property_22856683,3/11/2022
__import__.client_1823,
__import__.property_54810400,7/14/2025
__import__.client_1085,
__import__.client_1807,
__import__.property_52673468,7/1/2025
__import__.client_1225,
__import__.property_16809719,6/22/2021
__import__.client_1151,
__import__.property_15815299,3/12/2021
__import__.client_1159,
__import__.property_15925613,3/15/2021
__import__.client_1337,
__import__.property_20265966,11/7/2021
__import__.client_1698,
__import__.client_1664,
__import__.property_39645235,2/14/2024
__import__.client_1778,
__import__.client_1137,
__import__.property_14851290,1/11/2021
__import__.client_1835,
__import__.property_56163036,8/26/2025
__import__.client_1435,
__import__.property_28963750,12/7/2022
__import__.property_29401544,12/9/2025
__import__.client_1374,
__import__.property_23417875,4/1/2022
__import__.client_1432,
__import__.client_1587,
__import__.property_35729974,9/1/2023
__import__.client_1614,
__import__.property_37229917,11/1/2023
__import__.client_1269,
__import__.property_17603056,6/23/2021
__import__.client_1272,
__import__.property_30407966,11/12/2025
__import__.client_1681,
__import__.client_1048,
__import__.property_11407254,5/20/2025
__import__.client_1668,
__import__.client_1808,
__import__.property_52771113,12/2/2025
__import__.client_1044,
__import__.property_38161955,8/12/2025
__import__.property_11384484,11/11/2025
__import__.property_14769231,1/11/2021
__import__.property_18207080,11/29/2023
__import__.client_1230,
__import__.property_16862500,7/25/2023
__import__.client_1316,
__import__.client_1618,
__import__.property_37264073,11/30/2023
__import__.client_1193,
__import__.property_16384922,4/13/2021
__import__.client_1179,
__import__.property_16179136,4/6/2021
__import__.client_1371,
__import__.property_23035708,10/31/2023
__import__.client_1358,
__import__.property_21993779,2/1/2022
__import__.client_1363,
__import__.property_22620027,3/8/2022
__import__.client_1710,
__import__.client_1081,
__import__.property_12498432,7/1/2020
__import__.client_1413,
__import__.property_27762543,10/5/2022
__import__.client_1262,
__import__.property_17447111,2/9/2023
__import__.client_1097,
__import__.property_13262827,8/31/2020
__import__.client_1007,
__import__.property_11384445,11/10/2021
__import__.client_1015,
__import__.property_11384453,6/23/2021
__import__.property_30909933,9/23/2025
__import__.property_17758159,8/30/2022
__import__.client_1010,
__import__.property_11384448,5/3/2022
__import__.client_1586,
__import__.client_1845,
__import__.property_58075348,11/14/2025
__import__.client_1580,
__import__.property_36361609,11/7/2024
__import__.property_35191635,9/18/2023
__import__.client_1437,
__import__.client_1135,
__import__.property_14646607,3/27/2024
__import__.client_1134,
__import__.property_14556215,12/4/2020
__import__.client_1233,
__import__.client_1392,
__import__.property_24978804,6/1/2022
__import__.client_1340,
__import__.property_20325167,9/30/2025
__import__.client_1079,
__import__.property_12445030,12/9/2025
__import__.client_1218,
__import__.property_16738636,12/19/2022
__import__.client_1362,
__import__.property_22489295,5/18/2022
__import__.client_1072,
__import__.client_1488,
__import__.client_1610,
__import__.property_37105683,10/25/2023
__import__.client_1047,
__import__.property_11406521,11/17/2021
__import__.client_1084,
__import__.property_12667126,7/8/2020
__import__.client_1840,
__import__.property_57362754,11/4/2025
__import__.client_1395,
__import__.property_25346059,6/17/2022
__import__.client_1655,
__import__.client_1182,
__import__.property_16190873,4/8/2021
__import__.client_1679,
__import__.property_40717418,10/28/2025
__import__.client_1011,
__import__.property_11384449,7/16/2021
__import__.property_34931801,5/13/2025
__import__.client_1450,
__import__.client_1556,
__import__.property_34301876,10/16/2025
__import__.client_1231,
__import__.property_16868948,5/21/2021
__import__.client_1507,
__import__.client_1688,
__import__.client_1359,
__import__.property_22079447,2/8/2022
__import__.client_1391,
__import__.property_24870909,6/3/2022
__import__.client_1352,
__import__.property_20672843,12/9/2021
__import__.client_1543,
__import__.client_1747,
__import__.client_1390,
__import__.property_24839707,6/21/2022
__import__.client_1503,
__import__.client_1266,
__import__.property_17517623,6/17/2021
__import__.client_1565,
__import__.client_1416,
__import__.property_28109059,5/30/2025
__import__.client_1200,
__import__.property_16475873,4/16/2021
__import__.client_1141,
__import__.property_15195438,2/7/2023
__import__.client_1002,
__import__.property_11384440,8/5/2021
__import__.client_1327,
__import__.property_19938529,11/1/2021
__import__.client_1285,
__import__.property_17951899,7/29/2021
__import__.client_1126,
__import__.property_32844324,10/21/2025
__import__.client_1258,
__import__.property_17396978,6/9/2021
__import__.client_1401,
__import__.property_25794462,10/30/2025
__import__.client_1342,
__import__.property_20343575,11/11/2025
__import__.client_1418,
__import__.property_28257907,11/8/2024
__import__.client_1082,
__import__.property_12525187,6/26/2020
__import__.property_12525106,6/25/2020
__import__.client_1721,
__import__.client_1185,
__import__.property_16203985,4/3/2021
__import__.client_1338,
__import__.property_20309514,9/15/2025
__import__.client_1373,
__import__.property_23346922,8/19/2022
__import__.client_1344,
__import__.client_1069,
__import__.client_1154,
__import__.property_15840740,3/19/2021
__import__.client_1441,
__import__.property_29361435,10/7/2025
__import__.client_1510,
__import__.property_32728156,9/3/2025
__import__.client_1703,
__import__.client_1484,
__import__.client_1256,
__import__.property_32791218,12/12/2024
__import__.property_17380392,6/11/2021
__import__.client_1388,
__import__.property_24804131,6/16/2022
__import__.client_1198,
__import__.property_16464511,1/9/2024
__import__.property_38970408,9/16/2025
__import__.client_1020,
__import__.property_11384459,6/4/2021
__import__.client_1545,
__import__.client_1402,
__import__.property_25825776,7/20/2022
__import__.client_1574,
__import__.property_35170290,2/10/2025
__import__.property_35080410,8/7/2023
__import__.client_1562,
__import__.property_34692175,5/27/2025
__import__.client_1365,
__import__.property_22737706,3/16/2022
__import__.client_1280,
__import__.property_33561971,9/5/2024
__import__.client_1026,
__import__.client_1311,
__import__.client_1603,
__import__.property_36853847,10/23/2023
__import__.client_1493,
__import__.client_1160,
__import__.property_15939264,3/16/2021
__import__.client_1240,
__import__.property_17182447,4/28/2025
__import__.client_1427,
__import__.property_28804755,5/28/2025
__import__.property_28542792,11/4/2022
__import__.client_1847,
__import__.property_58099422,11/12/2025
__import__.client_1632,
__import__.property_37704945,12/11/2023
__import__.client_1454,
__import__.client_1577,
__import__.property_35156392,8/9/2023
__import__.client_1462,
__import__.client_1479,
__import__.client_1412,
__import__.property_27692438,10/17/2024
__import__.property_36065895,10/14/2024
__import__.client_1702,
__import__.client_1641,
__import__.property_38260669,12/14/2023
__import__.client_1627,
__import__.property_37544804,11/15/2023
__import__.client_1088,
__import__.property_12984488,12/9/2020
__import__.client_1706,
__import__.property_43853613,11/12/2025
__import__.client_1400,
__import__.client_1382,
__import__.property_24372952,5/13/2022
__import__.client_1216,
__import__.property_33356645,3/8/2024
__import__.client_1737,
__import__.client_1430,
__import__.client_1720,
__import__.client_1360,
__import__.property_22204245,3/2/2022
__import__.client_1527,
__import__.client_1601,
__import__.property_36808436,11/22/2024
__import__.client_1273,
__import__.property_17702403,9/3/2024
__import__.client_1546,
__import__.property_33951359,6/24/2025
__import__.client_1064,
__import__.property_12002341,5/12/2020
__import__.client_1567,
__import__.property_34764432,7/28/2023
__import__.client_1445,
__import__.property_29494036,9/30/2024
__import__.client_1813,
__import__.property_53385766,10/31/2025
__import__.client_1006,
__import__.property_11384444,10/28/2025
__import__.property_19368403,10/24/2023
__import__.client_1306,
__import__.client_1784,
__import__.property_59282090,12/5/2025
__import__.client_1246,
__import__.property_17289263,6/12/2021
__import__.client_1763,
__import__.client_1728,
__import__.client_1849,
__import__.property_58509699,11/20/2025
__import__.client_1124,
__import__.property_13836708,10/29/2020
__import__.client_1045,
__import__.property_11384485,9/11/2020
__import__.client_1672,
__import__.client_1508,
__import__.client_1690,
__import__.property_42751863,12/9/2025
__import__.client_1841,
__import__.property_57385552,12/3/2025
__import__.client_1398,
__import__.client_1099,
__import__.property_13345298,9/1/2020
__import__.property_26347911,8/2/2022
__import__.client_1031,
__import__.property_35170549,12/9/2025
__import__.client_1465,
__import__.property_36122767,3/11/2024
__import__.property_31196603,9/13/2023
__import__.client_1582,
__import__.property_35699749,8/20/2024
__import__.property_35244639,7/10/2025
__import__.client_1689,
__import__.property_32907842,5/12/2023
__import__.client_1433,
__import__.property_28889328,11/16/2022
__import__.client_1174,
__import__.property_16071828,4/9/2021
__import__.client_1520,
__import__.client_1597,
__import__.client_1800,
__import__.property_51227436,8/26/2025
__import__.client_1039,
__import__.property_11384479,4/30/2021
__import__.client_1631,
__import__.property_37704398,11/18/2023
__import__.client_1189,
__import__.client_1028,
__import__.property_11384467,9/28/2021
__import__.client_1740,
__import__.client_1799,
__import__.client_1611,
__import__.client_1138,
__import__.property_24563919,8/31/2023
__import__.property_14861737,9/18/2023
__import__.client_1687,
__import__.client_1615,
__import__.property_37230446,11/8/2023
__import__.client_1259,
__import__.property_17407794,2/19/2025
__import__.client_1356,
__import__.property_21524373,12/8/2025
__import__.client_1606,
__import__.property_36994474,11/9/2023
__import__.client_1236,
__import__.property_17077678,5/28/2021
__import__.client_1438,
__import__.client_1678,
__import__.client_1166,
__import__.property_15971885,3/18/2021
__import__.client_1257,
__import__.property_17390813,8/16/2022
__import__.property_23852087,4/19/2022
__import__.client_1284,
__import__.property_17951201,7/24/2021
__import__.client_1255,
__import__.client_1208,
__import__.property_16595513,4/21/2021
__import__.client_1649,
__import__.client_1463,
__import__.client_1224,
__import__.property_16792777,2/25/2022
__import__.client_1786,
__import__.client_1234,
__import__.property_16921538,11/17/2023
__import__.client_1423,
__import__.client_1828,
__import__.property_28454927,11/3/2022
__import__.property_55663497,8/5/2025
__import__.client_1245,
__import__.property_17243134,6/4/2021
__import__.client_1801,
__import__.client_1353,
__import__.property_20673028,12/16/2021
__import__.client_1725,
__import__.client_1593,
__import__.property_36163074,10/17/2025
__import__.client_1838,
__import__.property_57226393,12/8/2025
__import__.client_1207,
__import__.property_35329989,4/15/2025
__import__.property_16590903,4/29/2025
__import__.client_1263,
__import__.property_17485347,6/17/2024
__import__.client_1599,
__import__.property_36707813,10/16/2023
__import__.client_1686,
__import__.client_1523,
__import__.client_1315,
__import__.property_19134467,9/16/2021
__import__.client_1600,
__import__.property_36728927,10/12/2023
__import__.client_1339,
__import__.property_20325035,2/2/2023
__import__.property_40103766,11/7/2025
__import__.client_1214,
__import__.property_32564653,12/5/2025
__import__.client_1753,
__import__.client_1663,
__import__.property_39626787,2/15/2024
__import__.client_1831,
__import__.property_55977031,8/18/2025
__import__.client_1296,
__import__.property_18243142,8/14/2021
__import__.client_1549,
__import__.client_1314,
__import__.property_19077315,4/10/2022
__import__.client_1635,
__import__.property_37806572,11/28/2023
__import__.client_1005,
__import__.property_11384443,10/23/2019
__import__.client_1558,
__import__.client_1713,
__import__.client_1796,
__import__.client_1697,
__import__.property_43237812,10/30/2025
__import__.client_1466,
__import__.client_1133,
__import__.property_14457883,4/28/2021
__import__.client_1827,
__import__.property_55460263,8/19/2025
__import__.client_1822,
__import__.property_54853416,7/15/2025
__import__.client_1516,
__import__.client_1696,
__import__.client_1004,
__import__.property_11384442,7/18/2019
__import__.client_1764,
__import__.client_1123,
__import__.client_1059,
__import__.property_11774108,4/17/2020
__import__.property_16388086,5/5/2022
__import__.client_1290,
__import__.property_18045743,7/23/2021
__import__.client_1389,
__import__.property_24837142,6/8/2022
__import__.client_1699,
__import__.client_1634,
__import__.property_37735246,11/17/2023
__import__.client_1406,
__import__.property_26162381,8/13/2024
__import__.client_1014,
__import__.property_11384452,5/26/2021
__import__.client_1780,
__import__.client_1684,
__import__.property_41763151,11/11/2025
__import__.client_1526,
__import__.client_1415,
__import__.property_28108795,10/14/2022
__import__.client_1052,
__import__.property_11423263,8/8/2022
__import__.client_1669,
__import__.client_1407,
__import__.property_26555529,8/10/2022
__import__.property_26385501,8/5/2022
__import__.property_26633635,8/18/2022
__import__.property_26901663,8/24/2022
__import__.client_1522,
__import__.property_32977436,2/10/2025
__import__.client_1128,
__import__.property_14124146,5/1/2023
__import__.client_1001,
__import__.client_1055,
__import__.property_11435614,9/23/2019
__import__.client_1519,
__import__.client_1791,
__import__.client_1270,
__import__.client_1498,
__import__.client_1486,
__import__.client_1140,
__import__.client_1386,
__import__.property_24752120,6/2/2022
__import__.client_1461,
__import__.client_1180,
__import__.client_1364,
__import__.property_22633172,3/1/2022
__import__.client_1573,
__import__.property_35005686,8/4/2023
__import__.property_35170234,5/4/2024
__import__.client_1735,
__import__.client_1836,
__import__.property_56305941,9/12/2025
base.main_partner,
__import__.client_1511,
__import__.client_1018,
__import__.property_11384456,9/3/2019
