id,Correct Job Date
__import__.order_ME3I0N,7/16/2019
__import__.order_18AD2H,10/22/2019
__import__.order_UUCBMY,1/24/2020
__import__.order_WWBEKC,4/20/2020
__import__.order_220PNR,7/16/2019
__import__.order_FU80LW,11/13/2019
__import__.order_G7F39L,2/10/2020
__import__.order_15J5ZD,5/27/2020
__import__.order_F71KTP,7/16/2019
__import__.order_EZ5YKH,11/14/2019
__import__.order_RT2NSJ,5/4/2020
__import__.order_BS2B7A,7/18/2019
__import__.order_DAR62K,7/18/2019
__import__.order_R22JJQ,10/23/2019
__import__.order_LEBTNG,7/18/2019
__import__.order_T4P8F4,10/24/2019
__import__.order_JWR4R6,5/26/2020
__import__.order_SZ1A38,7/25/2019
__import__.order_S4OJBW,10/29/2019
__import__.order_HJ74H9,4/27/2020
__import__.order_11J2PT,8/2/2019
__import__.order_75QZ5P,1/21/2020
__import__.order_ZHGUFS,4/27/2020
__import__.order_JRZ9KR,8/2/2019
__import__.order_XLTCPA,11/18/2019
__import__.order_NTKB6T,2/10/2020
__import__.order_YBS765,5/11/2020
__import__.order_GMSQ5S,3/3/2020
__import__.order_Y0FH53,3/16/2020
__import__.order_L6LSXD,4/30/2020
__import__.order_B5PKA7,5/19/2020
__import__.order_7HXREF,4/28/2020
__import__.order_BXNH1U,6/10/2020
__import__.order_ARD06P,5/28/2020
__import__.order_ENFYLN,4/29/2020
__import__.order_9KPPR9,4/29/2020
__import__.order_68RZSX,4/16/2020
__import__.order_OH5ZCB,4/17/2020
__import__.order_918TXY,8/10/2020
__import__.order_SM8ECY,4/30/2020
__import__.order_1H71RN,5/27/2020
__import__.order_T33IG6,6/3/2020
__import__.order_W0NB1C,4/3/2020
__import__.order_O21JTU,4/22/2020
__import__.order_ITB3EX,4/13/2020
__import__.order_NYOYR3,4/28/2020
__import__.order_HAQHL0,5/5/2020
__import__.order_XG5BZ0,4/14/2020
__import__.order_XDM4TX,10/5/2020
__import__.order_LYBGLW,4/27/2020
__import__.order_U8D1Q7,6/17/2020
__import__.order_U4ESAF,8/4/2020
__import__.order_GWT3XA,8/2/2019
__import__.order_63SONE,2/4/2020
__import__.order_UOW1CI,8/2/2019
__import__.order_WQZPGW,10/11/2019
__import__.order_FHBDD7,10/18/2019
__import__.order_5T5FWC,10/21/2019
__import__.order_IFDUU2,10/25/2019
__import__.order_XWDJQJ,11/7/2019
__import__.order_ZF5XC0,11/12/2019
__import__.order_WTGSDE,11/12/2019
__import__.order_YO9K3M,11/11/2019
__import__.order_68MCYM,11/26/2019
__import__.order_I3B2SN,11/26/2019
__import__.order_GYQZIH,11/22/2019
__import__.order_UJ9AGM,12/6/2019
__import__.order_R9Y2F5,12/10/2019
__import__.order_PBI41M,11/5/2019
__import__.order_XXAH2U,1/20/2020
__import__.order_R88X6A,1/30/2020
__import__.order_S9Q6W5,2/4/2020
__import__.order_JHLE5Q,7/18/2019
__import__.order_LM3SRB,8/8/2019
__import__.order_KZYGY6,8/13/2019
__import__.order_ESQM3Z,8/28/2019
__import__.order_0S5DWL,8/28/2019
__import__.order_2I0OOI,9/2/2019
__import__.order_91LLSY,9/3/2019
__import__.order_7669M6,9/9/2019
__import__.order_KGZ3XF,9/11/2019
__import__.order_LHQZZ1,9/16/2019
__import__.order_Q0DX5I,10/14/2019
__import__.order_CX5EPO,10/15/2019
__import__.order_HKQMC7,10/22/2019
__import__.order_YACWKM,10/23/2019
__import__.order_D17QHX,2/11/2020
__import__.order_OBBDQW,10/24/2019
__import__.order_X3KPFN,1/30/2020
__import__.order_O7WEKQ,10/31/2019
__import__.order_W19N0C,11/7/2019
__import__.order_MZZTCG,4/22/2020
__import__.order_PRGK56,11/22/2019
__import__.order_PAFE2T,12/3/2019
__import__.order_A739UD,12/5/2019
__import__.order_44Q9TE,12/6/2019
__import__.order_XU6SF6,12/12/2019
__import__.order_GJYOGQ,12/16/2019
__import__.order_DR59WO,12/13/2019
__import__.order_STU5ZG,1/3/2020
__import__.order_O77SKE,5/4/2020
__import__.order_JCDN6X,1/8/2020
__import__.order_EQHM8I,1/14/2020
__import__.order_7A8LPK,5/11/2020
__import__.order_58EEH6,10/19/2019
__import__.order_M6PDF3,1/14/2020
__import__.order_87LW97,9/23/2019
__import__.order_RU3HQK,1/24/2020
__import__.order_O0G0GF,5/26/2021
__import__.order_XUUF7M,9/24/2019
__import__.order_P24CKR,1/29/2020
__import__.order_LA0I67,5/26/2020
__import__.order_YCL4MB,1/29/2020
__import__.order_D4HB0U,10/1/2019
__import__.order_G7MHZE,2/3/2020
__import__.order_ZZG1T2,6/1/2020
__import__.order_7TGDW7,10/10/2019
__import__.order_UGF4NN,2/3/2020
__import__.order_ASYAX4,6/1/2020
__import__.order_41JK2W,5/5/2020
__import__.order_T7CLR5,10/28/2020
__import__.order_UYWTG8,9/20/2019
__import__.order_8K2WOC,9/20/2019
__import__.order_RA6NLC,9/23/2019
__import__.order_F6HDFN,10/10/2019
__import__.order_R3W30U,5/20/2020
__import__.order_PL72H2,3/6/2020
__import__.order_MZXU3R,8/12/2020
__import__.order_C33XN2,10/15/2020
__import__.order_DOHDPJ,4/17/2020
__import__.order_H5O0US,7/14/2020
__import__.order_FPWOY2,8/28/2020
__import__.order_BYK6FZ,7/17/2020
__import__.order_ZFE8R9,10/29/2020
__import__.order_ZZOJZL,10/27/2020
__import__.order_SAWWUZ,7/27/2020
__import__.order_LFYP5U,6/22/2020
__import__.order_QRMMFD,8/11/2020
__import__.order_9G5NBO,9/3/2020
__import__.order_XO7Z80,8/31/2020
__import__.order_0XP7TT,9/5/2020
__import__.order_XT68Z3,8/5/2020
__import__.order_EBNW02,9/7/2020
__import__.order_F4T32L,9/11/2020
__import__.order_UZAZKI,8/25/2020
__import__.order_LAAOS3,5/12/2020
__import__.order_XIHPH6,5/12/2020
__import__.order_ULTJWG,5/16/2020
__import__.order_KTHTNH,9/14/2020
__import__.order_GLFSGS,8/11/2020
__import__.order_XRTHGA,11/2/2020
__import__.order_4R30YJ,12/11/2020
__import__.order_QF0XQF,10/13/2020
__import__.order_3EX747,5/20/2020
__import__.order_EKWH5E,5/21/2020
__import__.order_7GZOCR,6/16/2020
__import__.order_3DD5KT,1/5/2021
__import__.order_Q9JWJN,9/24/2020
__import__.order_CE86AT,9/17/2020
__import__.order_UDOX1G,5/29/2020
__import__.order_CAX4F2,5/6/2021
__import__.order_CH05SO,7/20/2020
__import__.order_9H1O3I,8/24/2020
__import__.order_FTGMBL,9/24/2020
__import__.order_HNADOM,9/15/2020
__import__.order_7UW00L,6/8/2020
__import__.order_NDKRF9,7/7/2020
__import__.order_H2H5B8,8/17/2020
__import__.order_9BG3NN,9/3/2020
__import__.order_5M8JWF,10/21/2020
__import__.order_Z1ZR3O,10/12/2020
__import__.order_RRRIGA,10/1/2020
__import__.order_YR4IEW,6/8/2020
__import__.order_BMDE8F,6/10/2020
__import__.order_J5ZRW4,9/14/2020
__import__.order_ZDANOG,1/6/2021
__import__.order_M1IJUU,10/27/2020
__import__.order_4P6BPG,6/23/2020
__import__.order_GS6MQ7,6/17/2020
__import__.order_EOEK64,6/22/2020
__import__.order_CJ3MHW,6/22/2020
__import__.order_H7T9AX,6/25/2020
__import__.order_XD03JS,6/26/2020
__import__.order_8LKLUJ,10/26/2020
__import__.order_BTGZGW,5/20/2021
__import__.order_LPCQE5,9/28/2020
__import__.order_C88YXY,12/14/2020
__import__.order_3DLE5D,7/1/2020
__import__.order_96BQGP,9/28/2020
__import__.order_9E6Z0R,7/7/2020
__import__.order_5SBBXI,7/8/2020
__import__.order_F2I7Y4,7/14/2020
__import__.order_KFZOXH,10/14/2020
__import__.order_LF5LU8,7/28/2020
__import__.order_KX9YBQ,4/1/2021
__import__.order_QTW9KS,10/28/2020
__import__.order_2C8MGZ,8/3/2020
__import__.order_5U33SJ,8/3/2020
__import__.order_X55RDX,10/20/2020
__import__.order_OG6NOP,2/9/2021
__import__.order_RJZS9Y,11/19/2020
__import__.order_1I4OHT,11/19/2020
__import__.order_OZBNT4,2/9/2021
__import__.order_IT55AJ,11/16/2020
__import__.order_5637N1,8/18/2020
__import__.order_4SM2C4,1/13/2021
__import__.order_M6BRN9,3/16/2022
__import__.order_HD3T0N,8/17/2020
__import__.order_I6C400,12/21/2020
__import__.order_1NIDIZ,11/10/2021
__import__.order_P4FUEH,8/31/2020
__import__.order_DLRC7Y,12/21/2020
__import__.order_1K4B14,8/28/2020
__import__.order_HP5QTB,8/31/2020
__import__.order_HXP490,9/1/2020
__import__.order_XXCJ3F,9/1/2020
__import__.order_RL9FH2,1/7/2021
__import__.order_KMU1E5,12/18/2020
__import__.order_Y2UG7Y,3/19/2021
__import__.order_C173F1,2/25/2021
__import__.order_8MCREP,12/7/2020
__import__.order_3BL73F,1/4/2021
__import__.order_1THWTL,12/11/2020
__import__.order_9MDYS2,1/13/2021
__import__.order_AQU2IF,1/14/2021
__import__.order_U6OBQ9,12/15/2020
__import__.order_5BFBHW,12/18/2020
__import__.order_8X1EAO,9/17/2020
__import__.order_P38WYL,2/4/2021
__import__.order_EYLNE6,7/13/2021
__import__.order_Y480YF,2/5/2021
__import__.order_9EAHFT,1/8/2021
__import__.order_0Y5CAP,2/4/2021
__import__.order_36IKB3,1/6/2021
__import__.order_AO8IIY,11/21/2020
__import__.order_LS4437,2/1/2021
__import__.order_JZIDSM,10/13/2020
__import__.order_K2MXX2,10/14/2020
__import__.order_TNMZ7T,4/5/2021
__import__.order_1D7IUF,11/11/2021
__import__.order_BQ37U3,10/19/2020
__import__.order_R4TXG0,4/5/2021
__import__.order_26RWP9,4/12/2021
__import__.order_GNTN4N,10/27/2020
__import__.order_BYISK7,1/15/2021
__import__.order_8OBBZF,10/17/2020
__import__.order_IDONNC,4/12/2021
__import__.order_1C1G37,4/19/2021
__import__.order_G4ROHG,1/21/2021
__import__.order_TR16NW,3/22/2021
__import__.order_4WFQGP,10/23/2020
__import__.order_WQ1AQB,2/5/2021
__import__.order_FGI72C,2/26/2021
__import__.order_EPSBUL,10/30/2020
__import__.order_LTSEOU,4/9/2021
__import__.order_9JIJD8,3/4/2021
__import__.order_NX26EK,3/31/2021
__import__.order_QOYGOK,2/3/2021
__import__.order_U35KD2,10/29/2020
__import__.order_F555B4,4/30/2021
__import__.order_DMFZ6F,2/16/2021
__import__.order_X95FWZ,5/7/2021
__import__.order_BIFO6Z,2/15/2021
__import__.order_FMUCTH,12/9/2020
__import__.order_4ZN5Q4,11/20/2020
__import__.order_GHR1NI,11/25/2020
__import__.order_KUPU47,11/25/2020
__import__.order_2TCUFG,12/9/2020
__import__.order_LZGE03,6/3/2021
__import__.order_J52LXK,4/28/2021
__import__.order_B83CKG,12/8/2020
__import__.order_2WHAAB,12/9/2020
__import__.order_Y6EHIG,12/4/2020
__import__.order_1ESDFM,12/7/2020
__import__.order_SUUTC8,4/9/2021
__import__.order_B31K1F,12/10/2020
__import__.order_64GLQA,12/19/2020
__import__.order_TCI2WL,4/20/2021
__import__.order_9RJC7I,9/8/2021
__import__.order_RUY0RZ,5/18/2021
__import__.order_B1MKN3,3/19/2021
__import__.order_HHJM80,6/25/2021
__import__.order_NGME61,2/18/2021
__import__.order_E312RI,12/18/2020
__import__.order_BDHTNL,4/23/2021
__import__.order_30Q6U2,3/22/2021
__import__.order_28D4GD,8/31/2021
__import__.order_IOGRLX,4/12/2021
__import__.order_3U683Z,3/30/2021
__import__.order_DCHOQX,1/11/2021
__import__.order_88Z9MC,4/30/2021
__import__.order_5176TI,1/4/2021
__import__.order_4B9US8,1/4/2021
__import__.order_L8ZHFS,3/31/2021
__import__.order_2395DX,4/13/2021
__import__.order_09A7RS,7/13/2021
__import__.order_TUATE7,1/8/2021
__import__.order_N0Q3HD,5/4/2021
__import__.order_ALJYQQ,1/11/2021
__import__.order_FR0R6H,9/23/2021
__import__.order_5SA3AG,1/21/2021
__import__.order_ZBFLB2,8/11/2021
__import__.order_5CNLAB,6/25/2021
__import__.order_HYL17N,4/13/2021
__import__.order_1MKLUE,1/18/2021
__import__.order_TRFDE5,9/22/2021
__import__.order_LJ3ZHT,4/20/2021
__import__.order_N15C14,2/3/2021
__import__.order_8FFO51,6/1/2021
__import__.order_WLG9YM,5/6/2021
__import__.order_005PA5,2/7/2023
__import__.order_1D45W9,6/7/2021
__import__.order_9UU8ZH,10/13/2021
__import__.order_H5Q68H,6/4/2021
__import__.order_5RMMXD,6/4/2021
__import__.order_FMOZLP,5/3/2022
__import__.order_W194JH,7/6/2021
__import__.order_RXSMBY,5/18/2021
__import__.order_E63908,6/18/2021
__import__.order_L519WJ,5/18/2021
__import__.order_Y0T3KT,3/5/2021
__import__.order_NU9PQK,6/15/2021
__import__.order_0Y93XL,6/15/2021
__import__.order_ARQ0IK,6/18/2021
__import__.order_9JZNSF,3/5/2021
__import__.order_TNA33O,3/18/2021
__import__.order_IS4YB6,4/2/2021
__import__.order_9M5QYL,3/12/2021
__import__.order_GB7G8E,11/3/2021
__import__.order_ABN9G8,7/15/2021
__import__.order_DAN0I6,3/18/2021
__import__.order_3L0QQF,3/19/2021
__import__.order_AGPRN0,4/1/2021
__import__.order_YAQGK7,3/17/2021
__import__.order_56BLF1,3/15/2021
__import__.order_30G81F,3/16/2021
__import__.order_RBWMD5,3/16/2021
__import__.order_9JFDL1,3/18/2021
__import__.order_Z46HTC,4/6/2021
__import__.order_AFC6PE,3/23/2021
__import__.order_UPEHOY,3/24/2021
__import__.order_8OE7DA,3/25/2021
__import__.order_E7A725,7/19/2021
__import__.order_6J6B0O,6/23/2021
__import__.order_X4QYKQ,9/8/2021
__import__.order_7Q24YQ,9/13/2021
__import__.order_XW50SB,6/30/2021
__import__.order_FUXEGM,5/19/2021
__import__.order_S8LRGP,6/2/2021
__import__.order_DAHW7E,4/1/2021
__import__.order_6S1PJ6,3/30/2021
__import__.order_6S4B6J,4/1/2021
__import__.order_4RJF25,4/6/2021
__import__.order_36ZCO2,7/12/2021
__import__.order_C5Z3TM,4/2/2021
__import__.order_9PJ5Q7,4/9/2021
__import__.order_DSR3LU,4/8/2021
__import__.order_IACPYP,3/30/2021
__import__.order_APYSFF,3/31/2021
__import__.order_PQ9DXQ,4/3/2021
__import__.order_GGJOEU,9/3/2021
__import__.order_5Q727K,7/16/2021
__import__.order_RANNOU,4/9/2021
__import__.order_NMCDFT,11/8/2021
__import__.order_9R7XAS,4/8/2021
__import__.order_IYBH6H,9/20/2021
__import__.order_PZ675R,3/3/2022
__import__.order_ACRDT2,10/18/2021
__import__.order_C5K91A,4/7/2021
__import__.order_QG96GY,9/7/2021
__import__.order_39G25J,4/14/2021
__import__.order_0MCOXC,9/28/2021
__import__.order_REXOO2,4/14/2021
__import__.order_PN8CN2,4/13/2021
__import__.order_SQMNJ3,4/21/2021
__import__.order_GXA2MB,10/4/2021
__import__.order_92HF40,12/2/2021
__import__.order_LW91CC,9/15/2021
__import__.order_IDHNF0,6/25/2021
__import__.order_JOBC4K,8/5/2021
__import__.order_GFE0UM,4/14/2021
__import__.order_86QPIX,4/13/2021
__import__.order_TA267T,9/10/2021
__import__.order_3PWPKA,4/19/2021
__import__.order_GJEZIJ,10/28/2021
__import__.order_107XRO,10/13/2021
__import__.order_MF40O2,9/13/2021
__import__.order_MQWEG3,4/16/2021
__import__.order_CRKCT4,7/13/2021
__import__.order_SNXRKS,6/1/2021
__import__.order_XQEQPL,4/16/2021
__import__.order_G5E2JQ,10/29/2021
__import__.order_CUSXFH,3/11/2022
__import__.order_O31R4J,9/7/2021
__import__.order_7P5G02,4/20/2021
__import__.order_JFK1JR,4/28/2021
__import__.order_4FE286,4/22/2021
__import__.order_63GB3I,4/28/2021
__import__.order_R128JK,4/21/2021
__import__.order_YHL76B,5/3/2021
__import__.order_AW5Y5W,5/5/2022
__import__.order_HCCFQ4,4/29/2021
__import__.order_MOA8KP,4/26/2021
__import__.order_EREY18,4/27/2021
__import__.order_EK0A4R,4/29/2021
__import__.order_RNL36W,8/31/2021
__import__.order_RXS0JN,10/22/2021
__import__.order_1N39QD,9/2/2021
__import__.order_NKDRTT,4/26/2021
__import__.order_TJ8RHY,9/20/2021
__import__.order_3Q8UO3,9/20/2021
__import__.order_D509OJ,9/21/2021
__import__.order_6XWP5Z,5/5/2021
__import__.order_X6GI1E,5/20/2021
__import__.order_USX3S7,5/5/2021
__import__.order_2EGWWS,5/5/2021
__import__.order_79W6QU,10/11/2021
__import__.order_UUDM2H,8/27/2021
__import__.order_5HEJPC,5/8/2021
__import__.order_22G9LB,9/15/2021
__import__.order_AA0DHJ,8/26/2022
__import__.order_EOGLN2,9/16/2021
__import__.order_BYGC3J,7/9/2021
__import__.order_RQ67P8,5/5/2021
__import__.order_M1FCJM,5/21/2021
__import__.order_LI0CF1,7/1/2021
__import__.order_OP8UP7,7/7/2021
__import__.order_S5LUHF,6/22/2021
__import__.order_A2D8DQ,9/14/2021
__import__.order_FPWC9S,8/3/2021
__import__.order_EO9XQQ,9/9/2021
__import__.order_Q0HEX8,11/18/2021
__import__.order_KJPLUZ,5/19/2021
__import__.order_SICMJH,5/25/2021
__import__.order_KKDYZN,5/17/2021
__import__.order_BILHG2,5/28/2021
__import__.order_20G1Z6,5/26/2021
__import__.order_OH4JFU,6/7/2022
__import__.order_5RI3EE,5/27/2021
__import__.order_TXUOFP,9/9/2021
__import__.order_IM4HMI,12/17/2021
__import__.order_GSNQMD,9/16/2021
__import__.order_YPCQKI,6/9/2021
__import__.order_436UYC,6/4/2021
__import__.order_W4W1N5,12/2/2021
__import__.order_R2ZQU1,6/12/2021
__import__.order_T3T2UC,6/2/2021
__import__.order_CS1SKG,9/3/2021
__import__.order_M7JRRR,10/5/2021
__import__.order_QAGFCM,6/8/2021
__import__.order_RCODSQ,6/8/2021
__import__.order_8UEW5P,6/11/2021
__import__.order_L0M84G,2/7/2022
__import__.order_4FYOBU,12/1/2021
__import__.order_GE9MZH,9/9/2021
__import__.order_RNGBID,6/7/2021
__import__.order_MF6ZLR,6/9/2021
__import__.order_WQR6RM,6/11/2021
__import__.order_O7BQ42,8/16/2022
__import__.order_WF10R6,10/13/2021
__import__.order_CTURXM,6/10/2021
__import__.order_3B1I1F,6/14/2021
__import__.order_JO04N8,11/24/2021
__import__.order_4URA8S,10/1/2021
__import__.order_Q16WC8,11/11/2021
__import__.order_HIB0Y8,6/21/2021
__import__.order_U0TO19,6/14/2021
__import__.order_DREFRY,6/16/2021
__import__.order_MRR8BD,6/17/2021
__import__.order_G2PB39,10/1/2021
__import__.order_B22W4D,9/26/2022
__import__.order_QGQ9M0,12/6/2021
__import__.order_G1OYD3,6/22/2021
__import__.order_5ZROCU,6/23/2021
__import__.order_B37CAW,6/24/2021
__import__.order_HB2XQ4,6/23/2021
__import__.order_3HRP49,6/29/2021
__import__.order_2ISRYQ,7/7/2021
__import__.order_SSCCI7,6/29/2021
__import__.order_RZQ4EO,10/1/2021
__import__.order_RRTQPJ,9/30/2021
__import__.order_WE7F36,11/9/2021
__import__.order_SNFWJI,11/23/2021
__import__.order_BZCMP6,9/15/2021
__import__.order_13NHUJ,8/23/2021
__import__.order_T1TIPS,7/9/2021
__import__.order_JA4903,10/21/2021
__import__.order_ZUO22A,1/28/2022
__import__.order_QW9RQ2,8/30/2022
__import__.order_7C82F0,11/15/2021
__import__.order_J0F8DI,10/21/2021
__import__.order_CMQ8LT,10/22/2021
__import__.order_56ME5B,7/6/2021
__import__.order_T24LPU,7/7/2021
__import__.order_8UL0W8,9/28/2021
__import__.order_5DRGAQ,9/3/2024
__import__.order_Z0EKNZ,7/14/2021
__import__.order_DKZA5S,7/15/2021
__import__.order_QN22NH,5/26/2022
__import__.order_6XE8R3,7/24/2021
__import__.order_UOXQL7,7/29/2021
__import__.order_Y9OHPJ,8/24/2021
__import__.order_QQ3J06,2/17/2022
__import__.order_F6IOUK,7/20/2021
__import__.order_SEWFHJ,7/13/2021
__import__.order_YFFM47,7/23/2021
__import__.order_7ZYN84,7/21/2021
__import__.order_4T62IR,7/27/2021
__import__.order_AMT8ET,10/27/2021
__import__.order_FKQCYL,10/5/2021
__import__.order_G3Z2CI,9/5/2023
__import__.order_U24FTX,2/11/2022
__import__.order_FS82RT,11/30/2021
__import__.order_2DA1KK,11/30/2021
__import__.order_L1NP01,9/30/2021
__import__.order_2D1OI3,11/1/2021
__import__.order_XT4PN2,6/8/2022
__import__.order_P12XDB,7/27/2021
__import__.order_NCR3Q0,8/7/2021
__import__.order_0MQWKR,8/14/2021
__import__.order_93AOTU,8/17/2021
__import__.order_QBNP2T,9/13/2021
__import__.order_BQNNO7,8/5/2021
__import__.order_NPDX5Q,8/5/2021
__import__.order_M5GD7T,8/6/2021
__import__.order_ISTGXN,8/4/2021
__import__.order_E8TUDC,4/21/2022
__import__.order_CDW6OT,11/10/2021
__import__.order_54AHY5,10/6/2021
__import__.order_0O8JZ7,8/26/2022
__import__.order_ZGML2U,8/25/2021
__import__.order_6RWQF1,8/21/2021
__import__.order_FZ40FK,9/1/2021
__import__.order_NT3OKY,9/3/2021
__import__.order_1WPNGT,9/2/2021
__import__.order_F6S6DM,3/29/2022
__import__.order_I9QMEH,10/8/2021
__import__.order_R9B9BL,2/25/2022
__import__.order_ITG4UG,2/3/2022
__import__.order_ZZAL39,9/13/2021
__import__.order_DIDBGH,1/4/2022
__import__.order_3XK8XN,9/14/2021
__import__.order_IDMSDX,9/10/2021
__import__.order_WIN99P,3/1/2022
__import__.order_C7BCDX,11/17/2021
__import__.order_JQYUFQ,3/7/2022
__import__.order_IJCEQX,1/11/2022
__import__.order_BFK6FG,1/11/2022
__import__.order_88GKY4,4/14/2022
__import__.order_UWY9H3,1/12/2022
__import__.order_FFFYGQ,1/5/2022
__import__.order_5GDUPK,2/3/2022
__import__.order_C4IM1K,9/17/2021
__import__.order_49A2ZC,2/7/2022
__import__.order_HKO52S,9/16/2021
__import__.order_MHOC9U,1/13/2022
__import__.order_0HZB4Z,3/14/2022
__import__.order_54ILKO,1/19/2022
__import__.order_WYSNTX,1/12/2022
__import__.order_ZOBRWI,1/5/2022
__import__.order_DBUD8C,8/31/2023
__import__.order_H6HRLG,1/26/2022
__import__.order_2KTLH4,9/23/2021
__import__.order_OXSE0P,4/10/2022
__import__.order_R777IK,9/21/2021
__import__.order_UWK9R4,9/24/2021
__import__.order_WJDQCZ,10/8/2021
__import__.order_QWY91O,9/28/2021
__import__.order_35RTI2,1/4/2022
__import__.order_21059D,10/7/2021
__import__.order_9L2UBW,9/29/2021
__import__.order_8IZQPE,2/4/2022
__import__.order_1QG704,1/27/2022
__import__.order_1AGFAB,5/17/2022
__import__.order_CC5YQH,10/15/2021
__import__.order_IECM52,10/27/2021
__import__.order_KDO2ZX,10/8/2021
__import__.order_07LX2F,10/11/2021
__import__.order_T3UD55,10/7/2021
__import__.order_UKZCON,3/11/2022
__import__.order_O80UYT,2/11/2022
__import__.order_RE4JTY,2/21/2022
__import__.order_F99OWH,1/13/2022
__import__.order_069T2X,1/4/2022
__import__.order_ATLHB9,6/24/2022
__import__.order_BC6W05,10/12/2021
__import__.order_U8GXIU,2/15/2022
__import__.order_2GRAFP,11/5/2021
__import__.order_5J4IZF,1/7/2022
__import__.order_ONLBHG,7/25/2022
__import__.order_PI53NS,2/24/2022
__import__.order_X8KSDO,3/16/2022
__import__.order_G8ZKH2,2/25/2022
__import__.order_41YK9I,5/4/2022
__import__.order_C2A316,10/12/2022
__import__.order_NE3MXD,5/31/2022
__import__.order_H0U6Y0,10/22/2021
__import__.order_OTZFHB,11/1/2021
__import__.order_HBRTPE,11/12/2021
__import__.order_CALWDY,10/26/2021
__import__.order_QBNDFA,10/29/2021
__import__.order_XXTJAW,11/2/2021
__import__.order_LXUWED,11/1/2021
__import__.order_3UR35S,11/10/2021
__import__.order_9ZYQEK,11/8/2021
__import__.order_AGFF0H,11/15/2021
__import__.order_0QPLJY,11/5/2021
__import__.order_31SUR2,3/2/2022
__import__.order_H99XQ7,2/11/2022
__import__.order_8Z180T,4/19/2022
__import__.order_6F4EAE,3/8/2022
__import__.order_EGX6ZQ,1/26/2022
__import__.order_OMMJDU,5/4/2022
__import__.order_D5CG2B,2/18/2022
__import__.order_GF7X7R,3/1/2022
__import__.order_EEE7XP,6/17/2022
__import__.order_PQ2XH5,11/3/2021
__import__.order_USW3F1,11/8/2021
__import__.order_EY2NHC,11/12/2021
__import__.order_HSOTLI,6/14/2022
__import__.order_5SEMJ4,1/27/2022
__import__.order_DPS7QH,4/29/2022
__import__.order_29LRXJ,2/8/2022
__import__.order_2AX6Z9,3/8/2022
__import__.order_B6DSSG,11/7/2021
__import__.order_9A8U5S,5/18/2022
__import__.order_ZURMEA,11/19/2021
__import__.order_1GHI24,11/18/2021
__import__.order_3LLQQJ,11/16/2021
__import__.order_5MSDCC,8/2/2022
__import__.order_DCY6OS,3/18/2022
__import__.order_24LFHP,11/22/2021
__import__.order_7I2SWP,11/17/2021
__import__.order_63YHCO,2/18/2022
__import__.order_XBXY41,3/14/2022
__import__.order_XAGTDK,5/23/2022
__import__.order_DJAG52,7/7/2022
__import__.order_3B918L,5/13/2022
__import__.order_TBN3QF,2/21/2022
__import__.order_CLC2X4,3/25/2022
__import__.order_2IMCQ4,12/1/2021
__import__.order_UI1IZ7,12/9/2021
__import__.order_PRZPB1,5/12/2022
__import__.order_AA9HPT,2/9/2023
__import__.order_2GH50L,12/2/2021
__import__.order_WIINTT,1/6/2022
__import__.order_F1FE18,5/25/2022
__import__.order_759KPC,12/6/2021
__import__.order_SRTI63,12/3/2021
__import__.order_PPL064,12/16/2021
__import__.order_C81T0A,12/20/2021
__import__.order_YPGDWC,5/5/2022
__import__.order_K68QJU,4/6/2022
__import__.order_PUWKL4,4/21/2022
__import__.order_Q05IM1,8/8/2022
__import__.order_UTUEQW,12/9/2021
__import__.order_11O243,12/16/2021
__import__.order_JQ0I6D,1/11/2022
__import__.order_L28G43,1/5/2022
__import__.order_TQ1FNK,5/12/2022
__import__.order_HW4PND,6/18/2022
__import__.order_ASNITL,6/8/2022
__import__.order_UMXI2L,6/20/2022
__import__.order_0H7EEU,8/11/2022
__import__.order_RJXCJE,8/2/2022
__import__.order_1ESKXY,10/13/2022
__import__.order_HFXTQR,4/29/2022
__import__.order_6IZPZS,1/24/2022
__import__.order_PMXBXP,1/25/2022
__import__.order_ZWP30K,1/6/2022
__import__.order_G28LML,1/20/2022
__import__.order_5KUH43,2/24/2022
__import__.order_OIP265,5/10/2022
__import__.order_CA4M9U,5/12/2022
__import__.order_GAT6FK,5/17/2022
__import__.order_763RQX,5/20/2022
__import__.order_PLO9BT,4/20/2022
__import__.order_5DTM1K,3/25/2022
__import__.order_STT72T,5/23/2022
__import__.order_9XCLBN,1/17/2022
__import__.order_NC0WF8,1/24/2022
__import__.order_I93C2W,5/24/2022
__import__.order_SJ4KL6,6/28/2022
__import__.order_RO8BBL,5/25/2022
__import__.order_RK0EGI,11/10/2022
__import__.order_83Q29A,5/19/2022
__import__.order_AX2ULL,4/26/2022
__import__.order_OJDT7X,11/4/2022
__import__.order_035NM3,10/24/2022
__import__.order_4WJO78,1/25/2022
__import__.order_MFULQI,1/26/2022
__import__.order_N2OHFP,2/17/2022
__import__.order_TDME8X,6/2/2022
__import__.order_G8BPWD,5/27/2022
__import__.order_BUIWCS,6/2/2022
__import__.order_WUX6SI,4/20/2022
__import__.order_YK35PA,10/12/2022
__import__.order_M128F5,2/1/2022
__import__.order_TXSANY,4/21/2022
__import__.order_7R4LRM,4/26/2022
__import__.order_8ZN1NR,2/1/2022
__import__.order_7I5WMF,6/3/2022
__import__.order_5ACKTG,6/14/2022
__import__.order_B6GCZ9,2/18/2022
__import__.order_4TW38J,9/24/2024
__import__.order_7EC1Y0,2/8/2022
__import__.order_ENY9MI,5/27/2022
__import__.order_H02IMT,3/1/2022
__import__.order_S1YBNY,3/2/2022
__import__.order_PUZZK9,6/10/2022
__import__.order_E22QKU,12/9/2022
__import__.order_YL4ZO5,6/22/2022
__import__.order_SLIMBQ,6/16/2022
__import__.order_G17O61,6/17/2022
__import__.order_ZX09AB,9/14/2022
__import__.order_2RN3JM,2/2/2023
__import__.order_EFQLNP,10/28/2022
__import__.order_3N3794,4/21/2022
__import__.order_2SDZ2Z,2/24/2022
__import__.order_RYY7EJ,6/20/2022
__import__.order_E0TDHW,7/1/2022
__import__.order_HC4H0Q,9/8/2022
__import__.order_RKULP2,12/2/2022
__import__.order_HBQ9I1,5/27/2022
__import__.order_Y0MH9G,5/18/2022
__import__.order_R9BUYS,3/8/2022
__import__.order_ENMNB5,3/1/2022
__import__.order_RMH3TB,9/1/2022
__import__.order_CIAJAH,6/22/2022
__import__.order_PQ0SJY,7/12/2022
__import__.order_5DCGWY,6/7/2022
__import__.order_KNID7E,3/16/2022
__import__.order_422X75,3/6/2022
__import__.order_BUPD91,8/17/2022
__import__.order_N6L0AW,6/28/2022
__import__.order_XEMWZ7,3/11/2022
__import__.order_FXT7S1,7/12/2022
__import__.order_GL8B80,6/16/2022
__import__.order_5JW2G0,9/15/2022
__import__.order_2QMUEL,9/20/2022
__import__.order_XU5PG5,7/22/2022
__import__.order_S0MDD6,3/8/2022
__import__.order_WRXY2Z,3/15/2022
__import__.order_SS9CM7,8/17/2022
__import__.order_S4TMTB,3/25/2022
__import__.order_4K9AYZ,3/31/2022
__import__.order_WE4S0Z,7/29/2022
__import__.order_U4LPPG,9/16/2022
__import__.order_0FAQ5E,6/24/2022
__import__.order_K1450Y,3/30/2022
__import__.order_AF1OXS,4/1/2022
__import__.order_HTQJ1I,8/19/2022
__import__.order_XOAX71,4/20/2022
__import__.order_5KNWW5,9/27/2022
__import__.order_44DQH8,4/8/2022
__import__.order_EWRF5A,7/6/2022
__import__.order_K6ETY1,4/6/2022
__import__.order_F2D4FY,4/7/2022
__import__.order_WLB8J6,8/23/2022
__import__.order_SICR94,10/11/2022
__import__.order_HA1GZP,4/15/2022
__import__.order_OBH56Z,4/19/2022
__import__.order_8XEBO1,7/15/2022
__import__.order_5WTBYG,6/22/2022
__import__.order_CDJ0OG,10/25/2022
__import__.order_3WHX1B,7/20/2022
__import__.order_BYSUST,9/13/2022
__import__.order_LSKMS0,11/7/2022
__import__.order_XNZDBS,9/22/2022
__import__.order_JYWX5R,4/24/2022
__import__.order_QQXAPB,4/21/2022
__import__.order_UNYLUI,5/2/2022
__import__.order_IP72DL,4/29/2022
__import__.order_U5Q0TU,5/19/2022
__import__.order_ZHKXKI,5/10/2022
__import__.order_5XHWP6,5/31/2022
__import__.order_Y840J1,5/13/2022
__import__.order_FKHSE2,10/4/2022
__import__.order_81P4EM,11/10/2022
__import__.order_L97MNO,12/14/2022
__import__.order_0ALLOW,7/26/2022
__import__.order_TO50T7,11/17/2022
__import__.order_56DY4I,11/17/2022
__import__.order_1NM8IY,6/7/2022
__import__.order_LKKH8Y,5/23/2022
__import__.order_QKQAC0,11/22/2022
__import__.order_DYEYNW,6/26/2023
__import__.order_GLRICS,8/23/2022
__import__.order_LZ7PUB,12/14/2022
__import__.order_8YBP45,2/2/2023
__import__.order_7YCC7P,7/13/2022
__import__.order_Z0WZDS,6/20/2022
__import__.order_5NPTAE,10/12/2022
__import__.order_XPL1K7,9/23/2022
__import__.order_C90R6R,11/22/2022
__import__.order_1TWBCN,9/22/2022
__import__.order_9H1R32,5/26/2022
__import__.order_R2O33F,6/3/2022
__import__.order_0DY83D,6/2/2022
__import__.order_YHTUXL,5/26/2022
__import__.order_L6A33I,6/16/2022
__import__.order_A1NHS8,11/21/2022
__import__.order_PQ3BF8,2/10/2023
__import__.order_MAMZYA,9/6/2022
__import__.order_GDY7KH,9/2/2022
__import__.order_D7CK38,6/8/2022
__import__.order_I4HBIP,6/21/2022
__import__.order_ZP8LS8,10/31/2022
__import__.order_TDXGR5,8/23/2022
__import__.order_G150HG,6/3/2022
__import__.order_BFBQF5,1/9/2023
__import__.order_UBNZIP,6/1/2022
__import__.order_OJOUK2,11/15/2022
__import__.order_LZXA5A,10/25/2022
__import__.order_JL703T,9/22/2022
__import__.order_U135RR,5/22/2024
__import__.order_J752JJ,6/14/2022
__import__.order_A94I5Y,8/1/2022
__import__.order_4FKB2I,12/2/2022
__import__.order_LELMQP,6/22/2022
__import__.order_NGH3ND,9/28/2022
__import__.order_AN1O67,12/13/2022
__import__.order_7YJ1AY,11/15/2022
__import__.order_318EE5,6/17/2022
__import__.order_UT9C21,6/23/2022
__import__.order_8Y39DY,11/23/2022
__import__.order_KE7JYM,10/27/2022
__import__.order_2NHZOK,11/14/2022
__import__.order_65Q60U,6/30/2022
__import__.order_YBWRY6,6/29/2022
__import__.order_604J1F,6/29/2022
__import__.order_E6AX08,10/26/2022
__import__.order_LMQ48H,9/28/2022
__import__.order_RCM7C9,7/15/2022
__import__.order_8YDE98,11/1/2022
__import__.order_HPWGQU,6/24/2022
__import__.order_994USB,11/16/2022
__import__.order_JEKY0W,11/11/2022
__import__.order_WFJA9L,7/7/2022
__import__.order_QHFPXP,7/7/2022
__import__.order_A9MHFB,7/7/2022
__import__.order_S3J3YT,7/15/2022
__import__.order_EI03D2,7/8/2022
__import__.order_KYX1LA,7/20/2022
__import__.order_KTIQRK,7/13/2022
__import__.order_59ZP3K,7/27/2022
__import__.order_N2QMEL,10/14/2022
__import__.order_PBNTA4,10/14/2022
__import__.order_FG4C6K,7/27/2022
__import__.order_ORD9U0,7/29/2022
__import__.order_AOW1TS,7/19/2022
__import__.order_TXJFRA,11/10/2022
__import__.order_ZWP1WB,12/14/2022
__import__.order_I83TJQ,10/31/2023
__import__.order_OXD341,10/10/2023
__import__.order_YXJ0UE,11/16/2022
__import__.order_MQ8RRP,12/9/2022
__import__.order_9BRGPY,8/5/2022
__import__.order_0Y8Z7W,8/3/2022
__import__.order_N7E5C8,11/23/2022
__import__.order_NLUEND,3/16/2023
__import__.order_6GCO1J,11/18/2022
__import__.order_0L5GL5,12/16/2022
__import__.order_XHIDLM,8/4/2022
__import__.order_GJQCRM,8/2/2022
__import__.order_B1Y8AA,5/7/2025
__import__.order_7K4KLK,10/4/2022
__import__.order_EBNJ62,8/11/2022
__import__.order_W6Q4TC,8/10/2022
__import__.order_FHGG2A,8/18/2022
__import__.order_ZC7ZK9,10/19/2022
__import__.order_TI4B0D,12/15/2022
__import__.order_P9UCMC,5/27/2023
__import__.order_U8N6ZT,12/20/2022
__import__.order_604L62,8/24/2022
__import__.order_L55I7A,8/25/2022
__import__.order_XTJF4I,6/28/2023
__import__.order_K69333,9/7/2022
__import__.order_D2IS4O,11/4/2022
__import__.order_3731HY,9/15/2022
__import__.order_J819MI,9/19/2022
__import__.order_KJSRO2,10/11/2022
__import__.order_NSY68C,2/13/2023
__import__.order_6IEQ8X,12/2/2022
__import__.order_A4PCZS,3/8/2023
__import__.order_M5CE5U,1/25/2023
__import__.order_AMX47M,12/6/2022
__import__.order_DSE870,2/9/2023
__import__.order_CLSI91,9/27/2022
__import__.order_LOHWK2,2/14/2023
__import__.order_Z96NZF,1/25/2023
__import__.order_SDKRGT,10/5/2022
__import__.order_R1ETJH,6/27/2023
__import__.order_IYFSO5,10/17/2022
__import__.order_K15U02,10/17/2024
__import__.order_GBTFZA,4/24/2023
__import__.order_OJ0CWT,10/19/2022
__import__.order_OQAM58,10/14/2022
__import__.order_JXU9Q0,10/17/2022
__import__.order_LIG9YD,10/13/2022
__import__.order_TSSO7G,10/28/2022
__import__.order_KW2PL4,12/16/2022
__import__.order_30HQYQ,4/11/2023
__import__.order_5S4QPK,3/7/2023
__import__.order_JUASTA,2/3/2023
__import__.order_OUTNAJ,4/21/2023
__import__.order_I7MIDL,5/1/2023
__import__.order_TUMMAP,12/19/2022
__import__.order_S2XYF8,11/1/2022
__import__.order_40YXCM,11/3/2022
__import__.order_MT7IPF,12/1/2022
__import__.order_6LTWRK,10/31/2022
__import__.order_J2MUZ4,11/4/2022
__import__.order_4LTMH8,11/7/2022
__import__.order_RHHJO3,11/21/2022
__import__.order_A943IX,11/11/2022
__import__.order_0P1264,11/4/2022
__import__.order_FR51H3,11/12/2022
__import__.order_DQD0L5,4/14/2023
__import__.order_98ZC43,4/18/2023
__import__.order_3SR8OC,3/30/2023
__import__.order_0OF6M3,11/14/2022
__import__.order_HDZ6F7,3/7/2023
__import__.order_CG72MU,1/25/2023
__import__.order_YN9DKL,5/1/2023
__import__.order_D5X3JL,11/18/2022
__import__.order_K2B69Z,11/16/2022
__import__.order_Y84MYS,12/13/2022
__import__.order_65O56O,6/13/2023
__import__.order_N3UKOL,3/17/2023
__import__.order_KKG1AU,12/7/2022
__import__.order_SWB10M,5/31/2023
__import__.order_GRWGXG,11/18/2022
__import__.order_40MJMC,4/25/2023
__import__.order_0FKCH5,3/10/2023
__import__.order_DPUBGC,12/19/2022
__import__.order_A5Y25W,7/27/2023
__import__.order_J08XPL,4/21/2023
__import__.order_DTLG3K,4/24/2023
__import__.order_E11Z4U,12/14/2022
__import__.order_P4FK8U,5/6/2024
__import__.order_3U18TS,12/6/2022
__import__.order_HX0RW0,12/15/2022
__import__.order_HCUK17,12/19/2022
__import__.order_1RLGW3,12/20/2022
__import__.order_7DQ16L,12/8/2022
__import__.order_ET9Y5J,5/15/2023
__import__.order_QFRSCR,5/5/2023
__import__.order_GBE2T5,4/17/2023
__import__.order_AYJAWO,12/21/2022
__import__.order_K4W4YN,4/4/2023
__import__.order_955A5K,12/27/2022
__import__.order_2QH2OG,12/27/2022
__import__.order_ETCH64,4/24/2023
__import__.order_9JK621,4/17/2023
__import__.order_4NHI4F,6/20/2023
__import__.order_5JT24Q,5/25/2023
__import__.order_4J3WHN,1/2/2023
__import__.order_Z2H6ZT,1/9/2023
__import__.order_D9ZY55,12/22/2022
__import__.order_SEEKTB,10/13/2023
__import__.order_64BJWP,2/7/2023
__import__.order_MYJZO7,1/13/2023
__import__.order_A0ORDL,2/7/2023
__import__.order_MCNA4S,2/7/2023
__import__.order_I8CKJH,2/7/2023
__import__.order_3CUS6H,2/2/2023
__import__.order_XYOXDP,2/5/2023
__import__.order_ZUHUF9,2/3/2023
__import__.order_2LMLXS,5/30/2023
__import__.order_1JH6Y7,6/28/2023
__import__.order_J8KN4Q,4/6/2023
__import__.order_OUYOCF,5/19/2023
__import__.order_JLIZ5P,2/9/2023
__import__.order_H5IZCL,2/10/2023
__import__.order_RXNU37,3/7/2023
__import__.order_1CHB0O,6/29/2023
__import__.order_3DDTDJ,2/14/2023
__import__.order_LIMT97,3/7/2023
__import__.order_5EQOSZ,2/16/2024
__import__.order_D542C1,4/18/2023
__import__.order_RDB3S6,4/4/2023
__import__.order_ZS0DQQ,4/17/2023
__import__.order_JW558O,3/16/2023
__import__.order_U2CW37,3/9/2023
__import__.order_PKK91K,4/9/2025
__import__.order_FTT9MB,4/17/2023
__import__.order_TH3B0F,4/6/2023
__import__.order_UUXYL2,4/21/2023
__import__.order_GB9RZ6,5/26/2023
__import__.order_QQWDA9,4/20/2023
__import__.order_L3YQRS,2/20/2023
__import__.order_FF71E3,2/24/2023
__import__.order_6WCFDI,2/28/2024
__import__.order_3W3Z29,11/26/2024
__import__.order_NXHIZ3,6/20/2023
__import__.order_JIPPTD,4/12/2023
__import__.order_PKWN3U,3/20/2023
__import__.order_2RTKA2,3/8/2023
__import__.order_C5SZCA,4/3/2023
__import__.order_EZK4CB,4/19/2023
__import__.order_2DISNM,3/10/2023
__import__.order_H7XFHQ,3/17/2023
__import__.order_406AYL,3/6/2023
__import__.order_HHHPA3,3/4/2023
__import__.order_X452KT,2/14/2024
__import__.order_T6AE82,3/8/2024
__import__.order_RNE2F6,3/8/2023
__import__.order_NU7YH2,3/24/2023
__import__.order_I7RCEJ,11/8/2024
__import__.order_DK3T26,4/18/2023
__import__.order_1YJ5YC,5/9/2024
__import__.order_6RW4PT,3/9/2023
__import__.order_R22HS9,4/5/2023
__import__.order_0949XC,3/10/2023
__import__.order_HNF5TU,3/20/2023
__import__.order_851SD2,3/17/2023
__import__.order_IXXT4P,3/16/2023
__import__.order_SHKESW,4/17/2023
__import__.order_ACFHH6,4/6/2023
__import__.order_HWEKWE,4/10/2023
__import__.order_O6P38E,11/20/2023
__import__.order_110UPS,8/15/2023
__import__.order_3FBNRG,7/26/2023
__import__.order_4Z8NA0,5/5/2023
__import__.order_MCESJF,5/25/2023
__import__.order_6U7LN7,3/23/2023
__import__.order_O5906F,3/31/2023
__import__.order_RZOCQB,3/27/2023
__import__.order_C26C26,3/27/2023
__import__.order_3MGKG2,6/15/2023
__import__.order_W5RI87,6/15/2023
__import__.order_A7AE6T,6/21/2023
__import__.order_MM3PFP,10/14/2023
__import__.order_CAWF21,7/21/2023
__import__.order_YKTE9M,9/7/2023
__import__.order_988L82,11/20/2024
__import__.order_BZCEBZ,3/23/2023
__import__.order_5GX0GN,4/6/2023
__import__.order_KJO18S,3/29/2023
__import__.order_WO8OK2,3/30/2023
__import__.order_7BHIXW,3/31/2023
__import__.order_C1K8ET,6/27/2023
__import__.order_R79O10,6/30/2023
__import__.order_2B2XRU,4/3/2023
__import__.order_27CK2F,4/7/2023
__import__.order_HKKGJN,4/12/2023
__import__.order_3FQOGQ,8/15/2023
__import__.order_AWTFIF,6/6/2023
__import__.order_F7XYEH,4/3/2023
__import__.order_5WWMAI,4/24/2023
__import__.order_TNC4CG,5/3/2023
__import__.order_TXX3T7,8/8/2023
__import__.order_9F30IP,10/6/2023
__import__.order_041UHD,9/29/2023
__import__.order_T99LME,5/5/2023
__import__.order_Q9Y52Z,5/3/2024
__import__.order_OBJ5OL,9/5/2023
__import__.order_OQBA0F,8/8/2023
__import__.order_242W2Z,11/17/2023
__import__.order_CT0CIE,10/9/2023
__import__.order_APC4LP,4/18/2023
__import__.order_3UY0NI,5/19/2023
__import__.order_8T1XYM,4/13/2023
__import__.order_9LP8JL,5/31/2023
__import__.order_HNA3K2,6/27/2023
__import__.order_OD7TJK,6/27/2023
__import__.order_NLG79Q,4/21/2023
__import__.order_XEUXKB,4/25/2023
__import__.order_YX5CFL,5/18/2023
__import__.order_GG4YYY,5/16/2023
__import__.order_7H2X8X,4/20/2023
__import__.order_DJP4YI,5/20/2023
__import__.order_83L2Y7,9/27/2023
__import__.order_E3IQTO,10/16/2023
__import__.order_58WT3B,10/9/2023
__import__.order_H34A0X,7/25/2023
__import__.order_I1WIBL,7/25/2023
__import__.order_W97FUF,10/10/2023
__import__.order_W27WNW,8/8/2023
__import__.order_TKPJ6B,10/3/2023
__import__.order_EZFNIR,7/25/2023
__import__.order_OWUXYY,10/27/2023
__import__.order_RA2IQX,10/11/2023
__import__.order_F9JE0S,10/10/2023
__import__.order_97K127,5/5/2023
__import__.order_L1U5BQ,5/24/2023
__import__.order_37T6Z5,5/23/2023
__import__.order_BHYL3B,6/6/2023
__import__.order_NZHHMF,5/2/2023
__import__.order_Y4HAZO,4/27/2023
__import__.order_FBW9OQ,4/27/2023
__import__.order_RDAQPG,5/4/2023
__import__.order_HIHG47,5/4/2023
__import__.order_4I3TOC,5/4/2023
__import__.order_06H7MH,5/15/2023
__import__.order_S54241,5/10/2023
__import__.order_DA6JIA,5/2/2023
__import__.order_KEP3BM,5/19/2023
__import__.order_24HKC8,5/22/2023
__import__.order_X3HLLL,5/31/2023
__import__.order_CA7ANZ,7/18/2023
__import__.order_BM9IKR,5/24/2023
__import__.order_K6YHL2,5/6/2023
__import__.order_RAATEQ,5/11/2023
__import__.order_Y20CST,5/3/2023
__import__.order_3XJ9HR,5/3/2023
__import__.order_769JBK,5/12/2023
__import__.order_CR1FLF,5/6/2023
__import__.order_6O65ZZ,5/18/2023
__import__.order_KHPXDF,11/29/2023
__import__.order_BGCE3X,10/25/2023
__import__.order_2PP76H,7/13/2023
__import__.order_YO194P,9/19/2023
__import__.order_O364CL,8/7/2023
__import__.order_BQ7DOG,10/16/2023
__import__.order_A2178X,10/23/2023
__import__.order_0PWA2M,10/3/2023
__import__.order_OMM0NO,8/7/2023
__import__.order_QHLQ23,5/11/2023
__import__.order_5RXNU9,5/15/2023
__import__.order_W8WSPP,5/22/2023
__import__.order_E4XNTO,5/19/2023
__import__.order_G2TNBB,5/18/2023
__import__.order_HI3W7K,5/12/2023
__import__.order_D91CEQ,5/25/2023
__import__.order_C4DT65,10/18/2023
__import__.order_1PDO58,7/19/2023
__import__.order_QC8INM,8/11/2023
__import__.order_UMAOK0,8/4/2023
__import__.order_LSAZAD,11/16/2023
__import__.order_S454BT,10/20/2023
__import__.order_X01Z66,10/26/2023
__import__.order_44DAIL,6/1/2023
__import__.order_1BSPXK,5/23/2023
__import__.order_WU4J86,8/7/2023
__import__.order_WRPPIC,3/28/2024
__import__.order_JMLRA0,5/16/2023
__import__.order_OHS39A,5/24/2023
__import__.order_0LIRDD,6/8/2023
__import__.order_SXKEFK,8/11/2023
__import__.order_78SDED,12/1/2023
__import__.order_DZ3C12,3/7/2024
__import__.order_1Q3F44,8/10/2023
__import__.order_Y5Q46H,11/16/2023
__import__.order_0M6UL0,9/19/2024
__import__.order_C9UEFZ,10/6/2023
__import__.order_OGIKY7,6/13/2024
__import__.order_N49YW8,6/21/2023
__import__.order_L4KSSP,6/9/2023
__import__.order_AKTOZR,6/1/2023
__import__.order_JKSUYD,5/20/2023
__import__.order_0UOBKQ,5/25/2023
__import__.order_BSMC5X,5/22/2023
__import__.order_P81B14,6/1/2023
__import__.order_XRXHPW,5/30/2023
__import__.order_P7QI58,5/20/2024
__import__.order_0XGMAQ,9/20/2023
__import__.order_S4ZB41,7/25/2023
__import__.order_38Y7XG,7/22/2024
__import__.order_3EO1TY,5/1/2024
__import__.order_268A8H,11/9/2023
__import__.order_CS5ZW3,8/24/2023
__import__.order_90LTIA,11/30/2023
__import__.order_GUDTSN,7/21/2023
__import__.order_4L6181,5/23/2023
__import__.order_BZ9TT4,5/31/2023
__import__.order_T6BR7F,5/26/2023
__import__.order_O8QKBQ,5/26/2023
__import__.order_673Q11,6/9/2023
__import__.order_SF8ADL,6/2/2023
__import__.order_JHSHP3,5/30/2023
__import__.order_1W6NHZ,6/2/2023
__import__.order_SQHE68,5/30/2023
__import__.order_LSER2R,6/6/2023
__import__.order_GDAWEQ,10/27/2023
__import__.order_TDWX7I,2/13/2024
__import__.order_471U7K,9/20/2023
__import__.order_24ZER6,6/25/2024
__import__.order_8A2SM5,8/23/2023
__import__.order_Q70IBR,8/9/2023
__import__.order_AIATY0,10/23/2023
__import__.order_BDQC0X,8/15/2024
__import__.order_BYK5NP,5/30/2023
__import__.order_LXT7IO,7/31/2024
__import__.order_1CS97Y,2/4/2025
__import__.order_XQCPC7,11/21/2023
__import__.order_CSBUN7,10/17/2023
__import__.order_PNDHW3,11/21/2023
__import__.order_9EW3TL,10/4/2023
__import__.order_G8WF7K,6/6/2023
__import__.order_LYYCAL,6/14/2023
__import__.order_AK5R0K,6/2/2023
__import__.order_RIC22U,6/14/2023
__import__.order_HAM2SQ,6/22/2023
__import__.order_5Q7A73,6/2/2023
__import__.order_9MY3P9,6/15/2023
__import__.order_XY380Y,3/28/2024
__import__.order_JSMANI,4/5/2024
__import__.order_SH8KH6,11/20/2023
__import__.order_49CIQZ,11/30/2023
__import__.order_A0FSHH,6/9/2023
__import__.order_BJA377,6/9/2023
__import__.order_KSOHZA,6/13/2023
__import__.order_M9DHZK,5/28/2024
__import__.order_8QEJ1N,11/14/2023
__import__.order_WP8YGL,9/19/2023
__import__.order_04SS84,7/14/2023
__import__.order_FSFYDD,9/15/2023
__import__.order_3P5LSR,11/20/2023
__import__.order_HZ7HPS,6/16/2023
__import__.order_GFGGX1,6/12/2023
__import__.order_FA53J4,6/22/2023
__import__.order_O0EDZU,6/16/2023
__import__.order_0IYEAF,6/21/2023
__import__.order_9OWG8N,6/22/2023
__import__.order_BRSLTW,6/30/2023
__import__.order_AXWEMF,6/22/2023
__import__.order_30CIC0,12/19/2023
__import__.order_3AY6SU,12/4/2024
__import__.order_UFLCPT,6/28/2023
__import__.order_RSC6FC,4/24/2025
__import__.order_4SGPBP,9/15/2023
__import__.order_LF813I,10/11/2023
__import__.order_GBG3ZM,9/14/2023
__import__.order_XN3UU4,5/10/2024
__import__.order_0JJKKT,1/17/2024
__import__.order_GJD0QJ,7/26/2023
__import__.order_QSFIL9,6/29/2023
__import__.order_Y51KIJ,6/26/2023
__import__.order_P9H9H2,1/12/2024
__import__.order_T9MQXA,3/6/2024
__import__.order_AFCBSB,9/22/2023
__import__.order_CBD9UE,7/3/2023
__import__.order_IS72ND,10/4/2023
__import__.order_XAL0WE,7/1/2023
__import__.order_8A5HKA,7/3/2023
__import__.order_ZRGOB4,12/12/2023
__import__.order_FDKCNQ,6/12/2024
__import__.order_9O44UM,6/29/2023
__import__.order_Y5U51Z,7/1/2023
__import__.order_5B9NL3,6/29/2023
__import__.order_UQ0CP2,7/6/2023
__import__.order_ISXF7I,7/7/2023
__import__.order_UGH24T,7/14/2023
__import__.order_X75MF9,7/22/2024
__import__.order_M8OH31,10/17/2023
__import__.order_W2WPEY,10/22/2024
__import__.order_NSNPFU,10/25/2023
__import__.order_Z0QESQ,5/28/2024
__import__.order_2OQ31I,11/14/2023
__import__.order_5HEASG,11/29/2023
__import__.order_Q02ZS9,9/24/2024
__import__.order_P3M3FO,7/16/2024
__import__.order_29NA1E,5/10/2024
__import__.order_8OEJN2,10/30/2024
__import__.order_UX86C5,5/23/2024
__import__.order_0XNC79,9/4/2024
__import__.order_4PPQXE,7/18/2023
__import__.order_FCQF82,10/4/2023
__import__.order_4RA48G,7/14/2023
__import__.order_DTZ43U,7/14/2023
__import__.order_KQX01D,7/20/2023
__import__.order_RR3FMW,10/20/2023
__import__.order_8KOCRR,9/28/2023
__import__.order_HHDA2C,10/6/2023
__import__.order_GTNCOA,9/20/2023
__import__.order_7KWEMH,11/30/2023
__import__.order_YIU6FE,2/15/2024
__import__.order_U9J55G,8/11/2023
__import__.order_D7HOXU,7/19/2023
__import__.order_0HXD21,8/1/2023
__import__.order_KAAEDD,7/27/2023
__import__.order_89I7TM,7/27/2023
__import__.order_GO30XG,7/28/2023
__import__.order_E3WPTP,7/25/2023
__import__.order_D8785N,7/28/2023
__import__.order_ZY4ICR,9/17/2024
__import__.order_2JDG21,6/17/2024
__import__.order_YSFGGH,12/13/2023
__import__.order_1G5OBZ,6/18/2024
__import__.order_9YU727,11/15/2023
__import__.order_JMK5D4,10/24/2023
__import__.order_TZUAK2,10/24/2023
__import__.order_3RFUIW,11/28/2023
__import__.order_X1CZK7,11/29/2023
__import__.order_HTPAQK,8/28/2024
__import__.order_KWHH7D,8/15/2023
__import__.order_JT8OXR,8/4/2023
__import__.order_7W1O2N,8/7/2023
__import__.order_JT3GZF,8/8/2023
__import__.order_1ECUAB,8/9/2023
__import__.order_5UUNYD,8/9/2023
__import__.order_LAR5CE,10/31/2023
__import__.order_W7ABRW,8/9/2023
__import__.order_3Z24GO,11/18/2023
__import__.order_RXYF0J,8/10/2023
__import__.order_F2CH83,8/23/2023
__import__.order_0A6QWE,5/27/2025
__import__.order_CJH83L,9/22/2023
__import__.order_75P2KT,5/4/2024
__import__.order_BG21DA,2/10/2025
__import__.order_3Q8GMM,10/18/2023
__import__.order_WESI11,5/20/2025
__import__.order_TH80J1,12/12/2023
__import__.order_2OGOG8,9/5/2023
__import__.order_COWK5Z,8/9/2023
__import__.order_G2DR8R,8/16/2023
__import__.order_76AANE,8/21/2024
__import__.order_HMI8PW,10/24/2023
__import__.order_2C1BI8,12/13/2023
__import__.order_35I6U4,1/23/2024
__import__.order_LDJRJB,2/10/2025
__import__.order_FM19Z9,6/12/2024
__import__.order_ONJAF5,12/19/2024
__import__.order_7T1O7W,12/4/2023
__import__.order_5CN9D3,9/14/2023
__import__.order_S84XKS,8/17/2023
__import__.order_EFGG9H,8/31/2023
__import__.order_JWIM6Q,9/1/2023
__import__.order_5O2RW7,8/24/2023
__import__.order_UEHMA5,12/1/2023
__import__.order_WJAGG8,10/17/2023
__import__.order_3TTA9U,7/15/2024
__import__.order_YN79WR,3/15/2024
__import__.order_2Z2PT5,5/28/2025
__import__.order_9O9SSK,10/17/2023
__import__.order_2URJD6,10/26/2023
__import__.order_GWC7JR,2/9/2024
__import__.order_I6UNXX,8/29/2023
__import__.order_HRYLEJ,8/29/2023
__import__.order_9CJMDD,11/7/2023
__import__.order_ERLLPR,4/18/2024
__import__.order_0Q9K6O,9/13/2023
__import__.order_H8BJ13,1/17/2024
__import__.order_F1AH4F,3/26/2024
__import__.order_UCSOFU,8/31/2023
__import__.order_WMPAQC,12/18/2023
__import__.order_0A2J24,8/20/2024
__import__.order_JGFL1U,12/14/2023
__import__.order_JUTAN4,9/1/2023
__import__.order_IMLQ26,11/13/2023
__import__.order_IQM3U6,9/13/2023
__import__.order_DX6K6M,8/8/2024
__import__.order_IWCM3D,6/4/2024
__import__.order_YFU0KA,10/26/2023
__import__.order_H7D5IQ,4/22/2024
__import__.order_AZYGHL,11/1/2024
__import__.order_UMP1L1,11/7/2023
__import__.order_6D74IP,7/31/2024
__import__.order_GIZNTH,8/13/2024
__import__.order_T0XBRU,3/20/2024
__import__.order_CHP7DF,9/14/2023
__import__.order_W9BYCS,9/15/2023
__import__.order_CIOGPG,9/18/2023
__import__.order_UD7UA8,9/18/2023
__import__.order_A2TO5X,9/15/2023
__import__.order_DCYM7E,5/30/2024
__import__.order_DWMOWO,3/11/2024
__import__.order_6ZYX3X,2/21/2024
__import__.order_77UAQH,4/17/2024
__import__.order_Q2ZOQ8,10/23/2023
__import__.order_4GTOOX,12/15/2023
__import__.order_CSJJ6N,10/14/2024
__import__.order_T647UK,10/12/2023
__import__.order_B585E8,11/10/2023
__import__.order_558A49,9/27/2023
__import__.order_G9S9WU,12/12/2023
__import__.order_OE0OLZ,3/13/2024
__import__.order_ICDK9H,3/12/2024
__import__.order_8OU6I0,11/7/2024
__import__.order_1A4AU8,1/23/2024
__import__.order_9KYLNH,1/9/2024
__import__.order_KEXM74,1/12/2024
__import__.order_9SB8U6,11/4/2023
__import__.order_K6ENUQ,9/28/2023
__import__.order_9HHHTB,9/28/2023
__import__.order_D5RYML,10/6/2023
__import__.order_8PY1LZ,10/21/2023
__import__.order_5EOQ27,10/16/2023
__import__.order_MBK238,10/13/2023
__import__.order_6RHCX9,10/12/2023
__import__.order_TNK54W,10/24/2023
__import__.order_1WJ2BS,10/13/2023
__import__.order_9D6OT6,10/19/2023
__import__.order_DG5C1D,10/19/2023
__import__.order_9WFSD5,5/3/2024
__import__.order_020N96,3/15/2024
__import__.order_DPBW5Q,3/12/2024
__import__.order_08XXHZ,7/24/2024
__import__.order_INSZPL,3/13/2024
__import__.order_QI3QCU,3/13/2024
__import__.order_R1F1T4,4/11/2024
__import__.order_56YTWS,10/16/2024
__import__.order_EGSLA5,4/11/2024
__import__.order_CMD2S9,11/22/2023
__import__.order_RL8GOO,11/3/2023
__import__.order_NKPLRD,3/29/2024
__import__.order_6NSU6Z,11/8/2023
__import__.order_4DXYMW,10/20/2023
__import__.order_UUWSCX,4/23/2024
__import__.order_14W9UY,4/5/2024
__import__.order_7JMUB4,4/16/2024
__import__.order_CUWSCI,6/4/2024
__import__.order_1BZ3LJ,8/13/2024
__import__.order_2K6ZU9,2/26/2024
__import__.order_8O5CMF,5/9/2024
__import__.order_I6P5P5,2/23/2024
__import__.order_1W3YUO,9/30/2024
__import__.order_709IHP,11/22/2024
__import__.order_FAN49N,11/1/2024
__import__.order_CFBYBE,1/26/2024
__import__.order_S0RJ5L,6/4/2024
__import__.order_S2Q25U,2/13/2024
__import__.order_2TBHWL,4/15/2025
__import__.order_JMY3SX,4/23/2024
__import__.order_PZSTPA,2/13/2024
__import__.order_30ZJ53,10/27/2023
__import__.order_Q2IRNY,11/9/2023
__import__.order_H2AMYW,10/26/2023
__import__.order_NJWIX0,11/11/2023
__import__.order_DA9W3U,10/26/2023
__import__.order_YS5BAJ,11/17/2023
__import__.order_9L57JW,10/24/2023
__import__.order_H7D3K2,10/23/2023
__import__.order_E0CJOZ,4/10/2024
__import__.order_1XR2OA,9/17/2024
__import__.order_0ZG4M1,3/6/2024
__import__.order_5X7EQ6,1/25/2024
__import__.order_T629RK,1/10/2024
__import__.order_C1K6O4,9/13/2024
__import__.order_NR6E24,11/20/2023
__import__.order_LRLA70,3/29/2024
__import__.order_D24X5T,3/5/2024
__import__.order_ESKEHW,4/16/2024
__import__.order_THE95B,1/23/2024
__import__.order_9CWG9F,3/12/2024
__import__.order_KEIS7Q,10/25/2023
__import__.order_8BU5AQ,10/27/2023
__import__.order_F427B8,6/18/2024
__import__.order_I2BY5Y,4/17/2024
__import__.order_1AYXRY,1/19/2024
__import__.order_35JETE,4/18/2024
__import__.order_UBO3PU,5/29/2024
__import__.order_2RJ9EW,10/28/2024
__import__.order_ZSCACT,10/27/2023
__import__.order_FC7XUC,11/11/2023
__import__.order_EPRJNM,11/1/2023
__import__.order_5ZE8YA,11/8/2023
__import__.order_GE4C0D,10/31/2023
__import__.order_9SC6FY,11/17/2023
__import__.order_I9S650,5/1/2024
__import__.order_JFQU67,3/8/2024
__import__.order_63F3B8,10/16/2024
__import__.order_DL1JXW,6/4/2024
__import__.order_T1NQ7R,11/8/2023
__import__.order_33M91K,11/15/2023
__import__.order_YZG7NN,11/10/2023
__import__.order_YW6Y0Y,11/13/2023
__import__.order_QUCP0F,11/16/2023
__import__.order_35ZKML,11/11/2023
__import__.order_TSQHTQ,11/15/2023
__import__.order_CBS570,4/19/2024
__import__.order_60KHPO,3/29/2024
__import__.order_4GUDGO,3/22/2024
__import__.order_CI6P5U,5/28/2024
__import__.order_200HBR,5/29/2024
__import__.order_9SZOH8,5/10/2024
__import__.order_FU2R6J,11/13/2023
__import__.order_LOHNWW,10/28/2024
__import__.order_LOADSR,11/18/2024
__import__.order_BEH7G1,11/17/2023
__import__.order_CL2F03,11/16/2023
__import__.order_6O8HO7,2/19/2025
__import__.order_FRK849,5/9/2024
__import__.order_751HC2,5/8/2024
__import__.order_1KF3ZH,5/8/2024
__import__.order_78P3IQ,11/18/2023
__import__.order_H9KESI,12/15/2023
__import__.order_QMUM4N,12/11/2023
__import__.order_MQGMSI,11/17/2023
__import__.order_QZEHDZ,11/17/2023
__import__.order_Z5C3BY,5/21/2024
__import__.order_N3W1PI,5/9/2024
__import__.order_O2O7X5,3/22/2024
__import__.order_BX6UZH,11/8/2024
__import__.order_M6KDDL,3/19/2025
__import__.order_WZ9T9G,2/9/2024
__import__.order_SLCKCB,11/8/2024
__import__.order_I1OZ86,1/15/2024
__import__.order_2E4RQG,3/1/2024
__import__.order_32BGRZ,11/20/2024
__import__.order_EY00PL,3/6/2024
__import__.order_8Z5QWD,11/28/2023
__import__.order_OUL2TS,5/21/2024
__import__.order_SAQO46,1/24/2024
__import__.order_X3C0CT,11/25/2024
__import__.order_LR05BX,9/5/2024
__import__.order_C8UZIB,5/30/2024
__import__.order_YKBHDQ,5/10/2024
__import__.order_6AFL0Z,4/29/2024
__import__.order_DXY19R,4/30/2024
__import__.order_G78GME,11/28/2023
__import__.order_B1UEYX,12/1/2023
__import__.order_SCE30E,11/30/2023
__import__.order_36MD9J,3/27/2024
__import__.order_OZRKTF,11/7/2024
__import__.order_M6N52P,3/18/2024
__import__.order_NK9DG8,4/17/2024
__import__.order_2DY7TO,3/27/2024
__import__.order_CN6JWY,5/30/2024
__import__.order_F8T79I,3/28/2024
__import__.order_W3IZL2,4/2/2024
__import__.order_DUBZSO,12/14/2023
__import__.order_G3DCKZ,12/12/2024
__import__.order_PXE9H8,11/21/2024
__import__.order_0573NN,3/15/2024
__import__.order_XFTZD4,6/12/2024
__import__.order_4YOEQW,4/10/2024
__import__.order_GJLMCF,5/8/2024
__import__.order_3CZ64C,5/8/2024
__import__.order_FPIH5Y,4/22/2024
__import__.order_T4RJJ5,3/14/2024
__import__.order_N79L6S,1/24/2024
__import__.order_XJPI7U,1/17/2024
__import__.order_CPRO2L,5/14/2024
__import__.order_9F6X48,8/15/2024
__import__.order_2PQJYU,5/3/2024
__import__.order_2CH5U8,4/12/2024
__import__.order_JYSJ7D,7/12/2024
__import__.order_2R3ZKK,1/19/2024
__import__.order_M1LOHG,1/26/2024
__import__.order_4TSDCL,1/31/2024
__import__.order_DUUEYW,3/15/2024
__import__.order_L2UBBU,1/31/2024
__import__.order_U9CEAF,2/22/2024
__import__.order_LNZQ3S,5/21/2024
__import__.order_UYHP6I,2/15/2024
__import__.order_68KXFL,2/14/2024
__import__.order_Z74N0F,6/6/2024
__import__.order_I3AHF6,5/14/2024
__import__.order_YXDN4K,2/16/2024
__import__.order_1R9QD8,5/21/2024
__import__.order_S27O5B,6/25/2024
__import__.order_3EPTWS,4/11/2024
__import__.order_4WGRT9,3/5/2024
__import__.order_AMES3I,3/7/2024
__import__.order_LR1X9G,5/14/2024
__import__.order_KDPLAP,5/21/2024
__import__.order_28ZAUT,9/6/2024
__import__.order_QCQ9E8,5/3/2024
__import__.order_F45FHI,3/27/2024
__import__.order_OQ1DXR,6/6/2024
__import__.order_CKPHS9,10/16/2024
__import__.order_KKRDFF,3/7/2024
__import__.order_N654DB,6/25/2024
__import__.order_MIHBBF,4/10/2025
__import__.order_E47BO1,5/24/2024
__import__.order_5WOLZC,2/21/2024
__import__.order_5UJI3A,3/19/2024
__import__.order_07ONC6,3/1/2024
__import__.order_NNSZ4Y,3/6/2024
__import__.order_1TEK2B,10/18/2024
__import__.order_BSB6II,2/4/2025
__import__.order_D2MQBZ,11/15/2024
__import__.order_1S8L1U,9/25/2024
__import__.order_8BLN9I,3/20/2024
__import__.order_RMBP8G,3/21/2024
__import__.order_K3N9W9,4/3/2024
__import__.order_RC3M4I,4/9/2024
__import__.order_F1TE73,3/18/2024
__import__.order_KKHGD3,3/13/2024
__import__.order_IADQBB,3/19/2024
__import__.order_JTMGCF,3/29/2024
__import__.order_GP5POP,1/8/2025
__import__.order_AUD307,8/21/2024
__import__.order_IIPJK4,7/16/2024
__import__.order_BH1LBR,7/16/2024
__import__.order_7NCE42,3/20/2024
__import__.order_32GNET,7/22/2024
__import__.order_T4RJ5K,7/16/2024
__import__.order_U06ZS5,11/12/2024
__import__.order_4CM8Z7,6/21/2024
__import__.order_QU08P8,6/13/2024
__import__.order_AX20A1,9/27/2024
__import__.order_JG56JM,12/16/2024
__import__.order_0QP924,8/14/2024
__import__.order_I6OPEJ,11/25/2024
__import__.order_I65TSB,4/18/2024
__import__.order_OGHO2N,3/22/2024
__import__.order_SLPG5H,4/30/2024
__import__.order_XBQZPE,4/4/2024
__import__.order_7EPMBN,10/1/2024
__import__.order_SXRO5Q,2/26/2025
__import__.order_NUQFQG,7/31/2024
__import__.order_XZCF65,11/21/2024
__import__.order_47QN5O,10/7/2024
__import__.order_0O49L4,10/16/2024
__import__.order_TFQAG5,5/23/2025
__import__.order_K01XJD,10/14/2024
__import__.order_Y5THX1,11/18/2024
__import__.order_73N75J,8/14/2024
__import__.order_DHZHB2,10/1/2024
__import__.order_2HY698,2/27/2025
__import__.order_WU43CJ,10/11/2024
__import__.order_D3DG0Z,4/12/2024
__import__.order_X3MQJP,8/6/2024
__import__.order_GFSYLW,9/10/2024
__import__.order_HF8UT9,7/31/2024
__import__.order_DTWCS8,5/2/2024
__import__.order_HBA0EW,4/11/2025
__import__.order_5PL0YO,9/19/2024
__import__.order_YAMIB0,7/5/2024
__import__.order_4T48Q0,12/13/2024
__import__.order_KNMEMS,5/6/2024
__import__.order_19E0R9,10/15/2024
__import__.order_Y3D14K,7/24/2024
__import__.order_6BZY5A,8/14/2024
__import__.order_G32Z9S,10/17/2024
__import__.order_PG1W4P,10/23/2024
__import__.order_UCXAFN,9/12/2024
__import__.order_7O2ZT4,9/17/2024
__import__.order_46ZO5J,9/3/2024
__import__.order_YSOL30,10/9/2024
__import__.order_UL1UM6,8/28/2024
__import__.order_SE6B2X,5/2/2024
__import__.order_BEB60F,5/14/2024
__import__.order_O6JK6T,5/7/2024
__import__.order_NR0B8F,5/10/2024
__import__.order_OY76LF,4/22/2025
__import__.order_X86M2Q,11/12/2024
__import__.order_IO5SYJ,10/29/2024
__import__.order_XL3ENO,11/1/2024
__import__.order_HNF3G2,10/23/2024
__import__.order_GORCI4,6/6/2024
__import__.order_HGH93M,8/16/2024
__import__.order_7JA16M,8/16/2024
__import__.order_7RCP7H,11/27/2024
__import__.order_GEQJAW,8/22/2024
__import__.order_327XFS,10/24/2024
__import__.order_KJQNAX,6/25/2025
__import__.order_4053PI,10/11/2024
__import__.order_XYZA9I,11/19/2024
__import__.order_ZGHZJJ,10/29/2024
__import__.order_T4YIEX,10/29/2024
__import__.order_ATZQ6J,11/14/2024
__import__.order_FUBQ36,4/9/2025
__import__.order_EYK5ER,10/28/2024
__import__.order_JGM402,1/9/2025
__import__.order_Z6OO3S,1/8/2025
__import__.order_MOLSIL,5/16/2024
__import__.order_Q1M55J,5/20/2024
__import__.order_QD5XCC,7/19/2024
__import__.order_FF93AS,6/10/2024
__import__.order_SB0YEL,5/28/2024
__import__.order_JXLMMB,9/10/2024
__import__.order_FQXAC7,8/20/2024
__import__.order_EJSKPS,8/20/2024
__import__.order_PJBN4W,9/24/2024
__import__.order_PDQ1H5,10/29/2024
__import__.order_9ZT2UQ,9/24/2024
__import__.order_W15IZQ,8/30/2024
__import__.order_GW7UHL,5/31/2024
__import__.order_4W4IHO,5/28/2024
__import__.order_XBO5YN,6/4/2024
__import__.order_BLOLYP,6/10/2024
__import__.order_BC15YQ,6/10/2024
__import__.order_KKYH8K,9/3/2024
__import__.order_YE7XJ8,8/23/2024
__import__.order_GZTFOQ,10/18/2024
__import__.order_TRU818,10/9/2024
__import__.order_U54ML5,11/26/2024
__import__.order_FB74CE,11/12/2024
__import__.order_K5D8PB,8/28/2024
__import__.order_ZXKZC8,10/15/2024
__import__.order_O4GR3W,6/18/2024
__import__.order_IUHEFJ,6/18/2024
__import__.order_SNDGQR,6/17/2024
__import__.order_3F1XA6,6/19/2024
__import__.order_NOPFZ2,6/19/2024
__import__.order_NSJ8CD,6/24/2024
__import__.order_4XDNJQ,6/26/2024
__import__.order_QLH4YF,6/26/2024
__import__.order_YWK2HP,10/25/2024
__import__.order_BMC2HA,12/6/2024
__import__.order_AWXMWN,7/17/2024
__import__.order_BW76FQ,10/23/2024
__import__.order_BLO9DP,12/10/2024
__import__.order_RKDW76,3/26/2025
__import__.order_7MMGNE,7/10/2025
__import__.order_M9E6U4,9/27/2024
__import__.order_RUSYYS,8/6/2024
__import__.order_Q2WWYX,7/1/2024
__import__.order_5IZFJJ,7/16/2024
__import__.order_4A7JRM,7/1/2024
__import__.order_SRJ91I,7/5/2024
__import__.order_RX16ZE,7/8/2024
__import__.order_E5RHZ3,7/17/2024
__import__.order_DWIQA8,7/22/2024
__import__.order_LHA4GC,7/23/2024
__import__.order_K7ER3N,7/11/2024
__import__.order_FZ0KW6,7/12/2024
__import__.order_SYMEH1,7/11/2024
__import__.order_WP99D1,6/17/2024
__import__.order_BN55EL,12/20/2024
__import__.order_JWKE44,9/27/2024
__import__.order_T1YLG6,6/10/2025
__import__.order_TC91B1,6/3/2025
__import__.order_ZPPMD0,12/16/2024
__import__.order_T7RCK0,12/17/2024
__import__.order_46G0BO,7/15/2025
__import__.order_C6T07D,10/22/2024
__import__.order_BGRFWT,11/14/2024
__import__.order_WQ9IPB,9/26/2024
__import__.order_DH2UHK,11/14/2024
__import__.order_E7LYFA,12/18/2024
__import__.order_1F62CD,7/23/2024
__import__.order_YEJU4Z,7/25/2024
__import__.order_KZHIPY,7/25/2024
__import__.order_0LYKQK,10/17/2024
__import__.order_E6KS2Y,6/24/2024
__import__.order_7C0UYR,12/2/2024
__import__.order_4YO35F,12/12/2024
__import__.order_Z59RJ0,11/14/2024
__import__.order_Y0J919,10/22/2024
__import__.order_A48E45,11/19/2024
__import__.order_X50U19,11/19/2024
__import__.order_90DO6L,5/27/2025
__import__.order_6FCAIX,11/19/2024
__import__.order_LJXIJL,12/18/2024
__import__.order_I7JOGA,11/1/2024
__import__.order_H97DBY,11/12/2024
__import__.order_C9XQJ6,11/19/2024
__import__.order_DX82R3,4/29/2025
__import__.order_5MGF45,12/12/2024
__import__.order_6W1PNX,9/30/2025
__import__.order_0MJEWQ,11/22/2024
__import__.order_UC4XZ3,12/4/2024
__import__.order_3BYEJJ,10/29/2024
__import__.order_8WXIUW,10/29/2024
__import__.order_89R7N3,8/6/2024
__import__.order_NZJPG8,8/6/2024
__import__.order_F75A7W,8/6/2024
__import__.order_CCOS87,8/13/2024
__import__.order_9EUO8W,8/12/2024
__import__.order_GQOZZS,8/27/2024
__import__.order_LBGCQG,8/16/2024
__import__.order_GIFJRN,8/7/2024
__import__.order_92QQ0O,8/21/2024
__import__.order_PLIDQM,10/7/2024
__import__.order_QUAP3L,8/7/2024
__import__.order_6FSX5K,9/17/2024
__import__.order_GDADU1,10/25/2024
__import__.order_D2NYPU,12/12/2024
__import__.order_3DAPF6,9/10/2024
__import__.order_59QTO5,9/13/2024
__import__.order_SGQWZF,8/7/2024
__import__.order_CJ6SLQ,4/23/2025
__import__.order_HJWSCY,8/8/2024
__import__.order_T8GUU1,5/20/2025
__import__.order_9AON01,2/26/2025
__import__.order_CF866Z,8/14/2024
__import__.order_ORUHL7,12/10/2024
__import__.order_GP157S,2/19/2025
__import__.order_LBC0LX,9/13/2024
__import__.order_IJ0MDJ,9/11/2024
__import__.order_0P7372,8/13/2024
__import__.order_YXZWJ9,8/13/2024
__import__.order_PNJWDL,8/14/2024
__import__.order_WPP9PZ,1/7/2025
__import__.order_D9JSU6,12/10/2024
__import__.order_2TIRTH,5/19/2025
__import__.order_H0K48D,11/12/2024
__import__.order_MN79KS,8/22/2024
__import__.order_G5Q22W,8/14/2024
__import__.order_LA5W25,10/1/2024
__import__.order_S942IJ,9/17/2024
__import__.order_GNWFE4,10/2/2024
__import__.order_ZYYY16,9/17/2025
__import__.order_040BJT,10/10/2024
__import__.order_4PQ0ZO,8/27/2024
__import__.order_GZUX8G,6/6/2025
__import__.order_8N199F,10/31/2024
__import__.order_CUWKEB,8/21/2024
__import__.order_SEHNUX,8/13/2024
__import__.order_LQCOQ1,6/24/2025
__import__.order_FU2039,8/14/2024
__import__.order_GYEMPI,8/20/2024
__import__.order_AIQTQ9,5/7/2025
__import__.order_O7RKLS,7/29/2025
__import__.order_6OAQSW,8/20/2024
__import__.order_13X1GR,12/17/2024
__import__.order_99WURL,11/7/2024
__import__.order_Z1ZICW,11/13/2024
__import__.order_HZHJ3B,11/11/2025
__import__.order_U6JN2C,5/8/2025
__import__.order_3C9PJH,8/19/2024
__import__.order_G230Y1,1/15/2025
__import__.order_UJMLLY,8/26/2024
__import__.order_ZK2LWJ,5/20/2025
__import__.order_CHIK79,11/13/2024
__import__.order_KFSEUC,11/13/2024
__import__.order_52NBT8,9/18/2024
__import__.order_2DOE3R,4/15/2025
__import__.order_4NUEG4,4/10/2025
__import__.order_39EIUP,12/11/2024
__import__.order_GXFTQ2,12/18/2024
__import__.order_2YZHPF,10/14/2024
__import__.order_FI3BBM,5/1/2025
__import__.order_KJ3ZNU,8/28/2024
__import__.order_BWE551,3/26/2025
__import__.order_HFH7QW,8/28/2024
__import__.order_P429Z8,8/29/2024
__import__.order_X34RKN,12/16/2024
__import__.order_46EWYN,9/4/2024
__import__.order_N9FEIN,8/31/2024
__import__.order_SPNWN4,9/5/2024
__import__.order_CH7X2Y,5/14/2025
__import__.order_QBIXF3,12/20/2024
__import__.order_A3Z96Q,12/17/2024
__import__.order_WZIISO,4/1/2025
__import__.order_W0TMSA,4/8/2025
__import__.order_JCMHYK,9/16/2025
__import__.order_2XWRYK,12/17/2024
__import__.order_8HTY8M,4/4/2025
__import__.order_4B57RI,12/13/2024
__import__.order_RHF5SP,9/5/2024
__import__.order_5YCQER,6/17/2025
__import__.order_XHGM3S,1/7/2025
__import__.order_TLAAYQ,5/28/2025
__import__.order_AE0JHN,4/18/2025
__import__.order_JFE8EE,3/19/2025
__import__.order_IYJ91L,9/10/2024
__import__.order_69JA67,9/17/2025
__import__.order_4EFDT4,9/10/2024
__import__.order_1FGC09,9/12/2024
__import__.order_HJJE7O,1/7/2025
__import__.order_APSQ42,12/10/2024
__import__.order_EYG9OL,1/7/2025
__import__.order_NMXA1T,8/19/2025
__import__.order_OR7W9Z,4/10/2025
__import__.order_IYUXQ3,10/10/2024
__import__.order_G9MFNB,10/4/2024
__import__.order_QI6UQB,1/9/2025
__import__.order_U8YXXL,10/3/2024
__import__.order_2DIA9E,9/25/2024
__import__.order_GK40J7,9/26/2024
__import__.order_KTLMCC,10/18/2024
__import__.order_4EUE35,12/17/2024
__import__.order_L4AYW4,9/24/2024
__import__.order_7PDAPN,5/19/2025
__import__.order_8S2CIL,2/18/2025
__import__.order_LTBW1P,11/13/2024
__import__.order_J1XG78,10/1/2024
__import__.order_N720Z4,10/23/2024
__import__.order_MSUWLJ,2/11/2025
__import__.order_M930HF,1/28/2025
__import__.order_KX5QSW,4/10/2025
__import__.order_H5LHJT,9/5/2025
__import__.order_IBI1CF,12/27/2024
__import__.order_O06RLL,12/13/2024
__import__.order_5TAS7J,10/3/2025
__import__.order_JPLION,10/9/2024
__import__.order_5NIEE0,10/9/2024
__import__.order_2GE42X,10/15/2024
__import__.order_WUH0H3,10/10/2024
__import__.order_JJD5GG,11/1/2024
__import__.order_59SNTJ,10/10/2024
__import__.order_896Y61,10/15/2024
__import__.order_IGRP2G,10/18/2024
__import__.order_S5AY7G,4/1/2025
__import__.order_OEA1D4,4/8/2025
__import__.order_6E2F6I,10/18/2024
__import__.order_66IR8G,1/31/2025
__import__.order_82TEIX,1/9/2025
__import__.order_6Y43RP,4/11/2025
__import__.order_8IPR5C,4/15/2025
__import__.order_IZFRTS,2/11/2025
__import__.order_XNDF0P,4/30/2025
__import__.order_A9DJ3L,4/11/2025
__import__.order_QGRCYT,1/13/2025
__import__.order_LZL740,10/14/2024
__import__.order_TFW1WC,10/22/2024
__import__.order_5ABOEQ,3/25/2025
__import__.order_PL4B83,10/16/2024
__import__.order_A3Z3O9,10/25/2024
__import__.order_K1MROI,11/13/2025
__import__.order_UC0W43,4/22/2025
__import__.order_CI9KH7,4/18/2025
__import__.order_CM0EUR,4/7/2025
__import__.order_C0EO3E,2/19/2025
__import__.order_25OWFH,4/24/2025
__import__.order_9MTCYG,1/15/2025
__import__.order_J06AMY,6/13/2025
__import__.order_GIMMQL,4/9/2025
__import__.order_156WGP,10/29/2024
__import__.order_MOG6XY,11/14/2024
__import__.order_T59IQF,12/18/2024
__import__.order_1APKA6,10/25/2024
__import__.order_QWOIF6,11/12/2024
__import__.order_G8XNBR,10/31/2024
__import__.order_TFLTS7,10/28/2024
__import__.order_09I3G8,2/11/2025
__import__.order_P3XUQS,2/18/2025
__import__.order_JH291W,4/15/2025
__import__.order_EUXI94,3/21/2025
__import__.order_8EU6G4,4/28/2025
__import__.order_WRGXAH,11/18/2024
__import__.order_GSDMYF,3/28/2025
__import__.order_M789Y6,1/10/2025
__import__.order_KO9NQC,2/28/2025
__import__.order_APFAXF,4/30/2025
__import__.order_Y24MTR,11/7/2024
__import__.order_8T9XI7,11/26/2024
__import__.order_1U0FHP,11/7/2024
__import__.order_2P4OQ3,10/31/2024
__import__.order_E5PAAZ,11/7/2024
__import__.order_LB5E38,4/14/2025
__import__.order_DHQ5EZ,5/21/2025
__import__.order_SHP1GK,1/15/2025
__import__.order_EOKL66,3/25/2025
__import__.order_SQF6EA,4/29/2025
__import__.order_W8E5HP,4/29/2025
__import__.order_KBHP4G,2/18/2025
__import__.order_I9H1QJ,2/4/2025
__import__.order_NA5813,4/29/2025
__import__.order_G28PZZ,5/6/2025
__import__.order_3QUUC0,5/6/2025
__import__.order_RKQXEE,10/31/2024
__import__.order_XKDJTF,11/6/2024
__import__.order_BDQ2SR,5/29/2025
__import__.order_1GAH7C,11/26/2024
__import__.order_KE73LF,11/11/2024
__import__.order_RK68Y7,11/13/2024
__import__.order_B3EM65,5/7/2025
__import__.order_JBGFB0,5/27/2025
__import__.order_SH1E3T,11/14/2024
__import__.order_SST9FG,11/18/2024
__import__.order_95FGY5,4/1/2025
__import__.order_5N38QT,3/18/2025
__import__.order_PWSA2L,12/12/2024
__import__.order_PH9F81,5/13/2025
__import__.order_2MRQ9L,2/11/2025
__import__.order_QFWHMX,2/26/2025
__import__.order_RF6TYO,2/18/2025
__import__.order_BUJGS9,2/18/2025
__import__.order_O1KT6F,5/9/2025
__import__.order_L1NKFS,5/9/2025
__import__.order_YW6M9S,11/26/2024
__import__.order_T0JI8N,12/12/2024
__import__.order_S3LCA4,5/20/2025
__import__.order_KS20CF,4/1/2025
__import__.order_A7ZQNN,3/26/2025
__import__.order_MNQ8FF,4/15/2025
__import__.order_TSQGFU,4/1/2025
__import__.order_0RUNJT,3/25/2025
__import__.order_MNJIZ8,4/21/2025
__import__.order_466AH9,5/22/2025
__import__.order_PMJ1AC,9/12/2025
__import__.order_G5X8FE,11/24/2025
__import__.order_CT92KQ,12/23/2024
__import__.order_QSHLTQ,4/10/2025
__import__.order_KA350L,12/4/2024
__import__.order_71PABZ,12/5/2024
__import__.order_9I0TIM,12/2/2024
__import__.order_1520QI,12/3/2024
__import__.order_QEOLGM,2/21/2025
__import__.order_DRYE4T,3/21/2025
__import__.order_1EBXEH,5/23/2025
__import__.order_1GUK2U,3/19/2025
__import__.order_6E48AX,6/10/2025
__import__.order_RKBLQ9,4/1/2025
__import__.order_PBKRAF,12/19/2024
__import__.order_H337XY,3/28/2025
__import__.order_9W78UO,12/30/2024
__import__.order_GMF9H0,12/6/2024
__import__.order_H2WR9Y,6/6/2025
__import__.order_CQY8UH,9/23/2025
__import__.order_DNL8BC,12/17/2024
__import__.order_1R3OXQ,11/6/2025
__import__.order_Y5O1OD,2/21/2025
__import__.order_6Q1AB3,8/15/2025
__import__.order_X7REZ4,1/7/2025
__import__.order_MNNYOL,12/10/2024
__import__.order_Z9KG1I,12/19/2024
__import__.order_WA60XK,12/18/2024
__import__.order_0ADB5U,6/10/2025
__import__.order_C62E31,4/8/2025
__import__.order_A79SN6,3/18/2025
__import__.order_DHGW4Q,11/4/2025
__import__.order_AK7C2P,4/18/2025
__import__.order_ULSTC9,5/8/2025
__import__.order_U5C4DF,5/1/2025
__import__.order_CWU768,6/12/2025
__import__.order_8ZSNCR,6/12/2025
__import__.order_BO9G1J,4/14/2025
__import__.order_WNIG19,3/21/2025
__import__.order_YS35UQ,12/19/2024
__import__.order_41FEGC,6/17/2025
__import__.order_AI4JDH,4/22/2025
__import__.order_RP9EG9,4/8/2025
__import__.order_EGHGLH,7/1/2025
__import__.order_DRN0TR,6/19/2025
__import__.order_9Y4ZBD,6/13/2025
__import__.order_D548G6,5/16/2025
__import__.order_6SI6AI,8/21/2025
__import__.order_E6L9H3,12/5/2025
__import__.order_R8HU5F,12/27/2024
__import__.order_M7KXSB,5/29/2025
__import__.order_YEG5U8,3/28/2025
__import__.order_0SJLW5,1/28/2025
__import__.order_21EX7G,1/14/2025
__import__.order_EBUC4U,1/29/2025
__import__.order_UJ982Q,6/19/2025
__import__.order_ZQGJWI,1/23/2025
__import__.order_JXF1TC,2/4/2025
__import__.order_M62NTC,1/31/2025
__import__.order_7EMIHG,2/5/2025
__import__.order_5FF79D,2/10/2025
__import__.order_9S5K08,2/12/2025
__import__.order_2T1DWX,4/18/2025
__import__.order_3DQMO6,5/9/2025
__import__.order_7WBMC8,6/3/2025
__import__.order_0I8PBH,11/24/2025
__import__.order_9C7SI4,6/10/2025
__import__.order_J29CXI,6/19/2025
__import__.order_BRPUEN,6/10/2025
__import__.order_E9HT71,5/27/2025
__import__.order_53CJC9,5/13/2025
__import__.order_4599CL,4/29/2025
__import__.order_QEXO83,4/8/2025
__import__.order_NJNRPY,7/3/2025
__import__.order_AW1IXB,5/6/2025
__import__.order_MABGNU,6/3/2025
__import__.order_AEX2E0,2/19/2025
__import__.order_HN7T8B,6/17/2025
__import__.order_9ZCITQ,5/13/2025
__import__.order_34JB2T,2/26/2025
__import__.order_FS36HQ,2/26/2025
__import__.order_OT4TOO,6/19/2025
__import__.order_DM1TAD,3/5/2025
__import__.order_HFO8DZ,3/4/2025
__import__.order_PLUUHG,5/7/2025
__import__.order_9Q5PXB,3/21/2025
__import__.order_0XA9YX,3/19/2025
__import__.order_WJ0QHE,3/26/2025
__import__.order_CFFUQF,4/14/2025
__import__.order_TSXBP8,5/27/2025
__import__.order_MQ4GM2,7/22/2025
__import__.order_X2TXY6,6/17/2025
__import__.order_FWDKU2,11/12/2025
__import__.order_5HXXQ8,4/23/2025
__import__.order_M5BJRO,3/24/2025
__import__.order_NRAYLK,3/22/2025
__import__.order_DB595P,4/9/2025
__import__.order_144HFW,4/21/2025
__import__.order_INNAD2,4/2/2025
__import__.order_GFTLAD,11/13/2025
__import__.order_ZP1FLD,6/20/2025
__import__.order_0TOHPB,10/10/2025
__import__.order_MI0Y7L,9/11/2025
__import__.order_4F1S01,7/22/2025
__import__.order_4JHDFF,6/27/2025
__import__.order_PDSHRK,10/7/2025
__import__.order_7OMG5X,10/21/2025
__import__.order_YBY0KE,8/19/2025
__import__.order_S01KDY,8/12/2025
__import__.order_PUGGI2,7/22/2025
__import__.order_1MUMID,8/19/2025
__import__.order_XPG1KX,4/17/2025
__import__.order_RFA7H3,4/28/2025
__import__.order_X0GWAR,5/20/2025
__import__.order_QLANDH,8/12/2025
__import__.order_OKCXJG,7/22/2025
__import__.order_T4PX8Q,10/22/2025
__import__.order_1KH3N8,11/4/2025
__import__.order_RBL0HR,4/30/2025
__import__.order_YKQ4BK,7/31/2025
__import__.order_A29T7H,4/18/2025
__import__.order_S20I0Q,5/22/2025
__import__.order_A7HQGP,10/10/2025
__import__.order_9JX8PH,10/13/2025
__import__.order_5BTWLJ,10/24/2025
__import__.order_1968M2,5/22/2025
__import__.order_D7JUB2,8/22/2025
__import__.order_HDLHWZ,5/22/2025
__import__.order_23T57M,5/22/2025
__import__.order_IALIXB,10/21/2025
__import__.order_8ITEP6,5/20/2025
__import__.order_MA5W3J,11/11/2025
__import__.order_SUFOP6,8/5/2025
__import__.order_YIDW0N,4/23/2025
__import__.order_FUML5G,4/17/2025
__import__.order_OUZCAN,5/30/2025
__import__.order_AUXQOC,5/19/2025
__import__.order_IBPF0T,5/13/2025
__import__.order_CY6EII,5/20/2025
__import__.order_2D1H37,4/23/2025
__import__.order_YXO1IK,4/25/2025
__import__.order_EUZOAZ,4/29/2025
__import__.order_5KM2FZ,10/16/2025
__import__.order_ZK927D,5/23/2025
__import__.order_9COMCA,7/17/2025
__import__.order_LTALGB,10/30/2025
__import__.order_DZMBKH,10/22/2025
__import__.order_TU4PTD,8/26/2025
__import__.order_17UUMB,9/23/2025
__import__.order_CPL6JP,6/6/2025
__import__.order_9LSA08,6/6/2025
__import__.order_903UTM,9/26/2025
__import__.order_G1T2SU,10/28/2025
__import__.order_69DHA2,9/16/2025
__import__.order_USYZW2,11/11/2025
__import__.order_E4JREI,10/28/2025
__import__.order_E9R8WY,7/1/2025
__import__.order_18URGW,10/28/2025
__import__.order_LS4Y63,9/24/2025
__import__.order_N42HHY,11/11/2025
__import__.order_PXZHPR,8/12/2025
__import__.order_LYFAG7,6/26/2025
__import__.order_5CFUPT,10/30/2025
__import__.order_UR1ABW,7/10/2025
__import__.order_647IHH,5/27/2025
__import__.order_J7KFJ5,6/4/2025
__import__.order_QGDXWR,9/16/2025
__import__.order_DWGECT,8/12/2025
__import__.order_KDNSF9,5/29/2025
__import__.order_9GDSHZ,5/28/2025
__import__.order_AIQ7T2,5/31/2025
__import__.order_QLYDF2,6/2/2025
__import__.order_F6X9UQ,6/10/2025
__import__.order_SS1AWY,11/13/2025
__import__.order_NB2103,11/7/2025
__import__.order_RL44TJ,9/30/2025
__import__.order_1LP28P,8/26/2025
__import__.order_ZM7KWZ,11/19/2025
__import__.order_W9T31E,12/5/2025
__import__.order_8AL3UI,12/3/2025
__import__.order_OBJRMF,6/11/2025
__import__.order_5E7Q8Q,9/16/2025
__import__.order_59D5KQ,10/28/2025
__import__.order_46IYWG,10/7/2025
__import__.order_A3LB8R,10/31/2025
__import__.order_C65GEF,7/3/2025
__import__.order_XQ2DN7,6/24/2025
__import__.order_92ACZ6,12/5/2025
__import__.order_AIY6W3,10/7/2025
__import__.order_LLNYDO,10/21/2025
__import__.order_1APQS8,7/29/2025
__import__.order_TME66W,12/2/2025
__import__.order_FDTOC5,11/12/2025
__import__.order_EJ91HU,9/11/2025
__import__.order_KCM11F,11/25/2025
__import__.order_K525S3,9/16/2025
__import__.order_N995FT,9/2/2025
__import__.order_A0MYL5,12/2/2025
__import__.order_S1ZFBE,10/28/2025
__import__.order_P4IRHX,9/19/2025
__import__.order_RLI89B,7/10/2025
__import__.order_Q6N9X6,8/1/2025
__import__.order_JNQR4L,10/10/2025
__import__.order_XO2ODN,7/10/2025
__import__.order_8DOOHM,7/14/2025
__import__.order_KO8XMY,7/15/2025
__import__.order_REMFAF,7/15/2025
__import__.order_BEUDPN,7/29/2025
__import__.order_RO8XLE,11/13/2025
__import__.order_XIIFY8,8/19/2025
__import__.order_KK0O6Y,8/5/2025
__import__.order_ZEAEAY,11/4/2025
__import__.order_P88EGA,8/15/2025
__import__.order_1O1QUG,10/28/2025
__import__.order_6MDZIB,11/11/2025
__import__.order_Z0TEWP,11/11/2025
__import__.order_NP8ZYH,8/18/2025
__import__.order_CQQ6I0,8/19/2025
__import__.order_OZ7T6G,8/26/2025
__import__.order_R9MUD3,8/26/2025
__import__.order_DB6MBC,11/21/2025
__import__.order_UF2T4N,9/3/2025
__import__.order_3HBBGA,9/23/2025
__import__.order_72J51T,9/12/2025
__import__.order_J35BWB,9/12/2025
__import__.order_IJG9Y4,11/12/2025
__import__.order_3J1UO6,10/16/2025
__import__.order_IAOKW1,9/12/2025
__import__.order_RTX9B0,11/21/2025
__import__.order_IOY1F2,9/15/2025
__import__.order_MEIKPJ,9/30/2025
__import__.order_WQA793,9/15/2025
__import__.order_QXB259,10/17/2025
__import__.order_50U4H1,11/4/2025
__import__.order_8I0ZFL,12/2/2025
__import__.order_CB1TG0,10/10/2025
__import__.order_20MBEU,10/30/2025
__import__.order_31HBXQ,12/3/2025
__import__.order_HJORU8,11/12/2025
__import__.order_4RIAS4,11/14/2025
__import__.order_2SK7JX,11/12/2025
__import__.order_K8ZP12,11/12/2025
__import__.order_Y5X3M9,12/3/2025
__import__.order_DF34GC,11/14/2025
__import__.order_WMZ156,11/20/2025
__import__.order_5HPZW2,12/2/2025
__import__.order_G0M90B,12/5/2025
__import__.order_ZRCCJS,12/5/2025
__import__.order_4758C6,12/9/2025
__import__.order_LKLH6D,12/9/2025
__import__.order_FRHIN3,12/8/2025
__import__.order_XKFFOY,12/8/2025
__import__.order_WMKG16,12/9/2025
__import__.order_UU4Q1X,12/10/2025
__import__.order_OKII5I,12/12/2025
__import__.order_P8BQHJ,12/9/2025
__import__.order_AOZFJF,12/9/2025
