ID,Name
75,Allumawood Patio Cover - Gutter Clean
76,Ceiling Fans Cleaned
77,Clean Gutters
78,Clean Plexi Glass
79,Clean Tracks
80,Clean Up Yard
157,Clean up Yard
81,Cob Web Cleaning
82,Commercial Window Cleaning
83,Construction Cleanup
84,Discount
85,Dry Brush Screens
86,First Story Window Panes - Inside & Outside
87,French Door or Window
153,French Door or Window 
88,Garage Door
89,Garage Door Windows Cleaned - Cut Outs
90,Garage Door Windows Cleaned - No Cut Outs
91,Glass Sliding Doors - Inside & Outside
92,Gutter Foam Install
93,Gutter Inspection
94,Hard Water Stain Removal
95,Install Downspout
96,Install Gutter Guard
97,Install New Track
149,Legacy Service
98,Lights And Ceiling Fan Cleaned
159,Lights and Ceiling Fan Cleaned
99,Mirrors Cleaned
100,Miscellaneous
101,Move Furniture
102,Multiple Services Discount
156,Multiple Services Discount 
103,Outside Windows And Screens
161,Outside windows and Screens
104,Outside Windows And Screens Wet Screen
105,Outside Windows Only
106,Per Pane Price
107,Pre-Soak Panels
108,Pressure Wash
109,Repair Roof Tile(s)
110,Rush Priority Service
111,Screen Door Grille
112,Screen Door wheels
113,Screen Doors
114,Screen Repair
115,Screens - New
116,Second Story Window Panes - Inside & Outside
117,Senior Discount
118,Shower Enclosure
119,Shower Glass
120,Single Story Window Panes - Inside & Outside
121,Single Story Window Panes - Outside Only
122,Sky Light
123,Soft Wash
124,Solar Panel Cleaning
125,Solar Panel Cleaning - First Story
126,Solar Panel Cleaning - Second Story
127,Solar Panel Cleaning - Single Story
128,Solar Panel Cleaning - Single Story   (6.00)
1,Test Window Cleaning
2,Tip
130,Touch Up
131,Tracks
132,Vacuum Tracks
133,Vacuum Tracks - Per Track
134,Velasquez Interiors
135,WD-40 Tracks
136,Weather Stripping - Bug Flap
137,Weekend Appointment
152,Weekend Appointment 
138,Wet Bruh Screen
139,Wet Brush Screen
140,Windows Full
141,Windows In & Out - Full Service
142,Windows In & Out - Full Service   (100.00)
143,Windows In & Out - Full Servicee
144,Workiz service fee
145,XERO PURE Screen Clean
146,Xero WET SCREEN Cleaner
