id,Name
1040,Allumawood Patio Cover - Gutter Clean
1033,CARE® Program Discount
1007,Ceiling Fans Cleaned
1023,Clean Blinds
1004,Clean Gutters
1044,Clean Patio Cover
1061,Clean Plexi Glass
1016,Clean Tracks
1038,Clean Up Yard
1042,Cob Web Cleaning
1045,Commercial Window Cleaning
1062,Construction Cleanup
1017,Discount
1056,Dry Brush Screens
1066,First Story Window Panes - Inside & Outside
1055,French Door Or Window
1029,Garage Door Windows Cleaned - Cut Outs
1006,Garage Door Windows Cleaned - No Cut Outs
1035,Glass Sliding Doors - Inside & Outside
1034,Glass Sliding Doors - Outside Only
1037,Gutter Foam Install
1022,Gutter Inspection
1051,Hard Water Stain Removal
1008,Install Downspout
1018,Install Gutter Guard
1048,Install New Track
1077,Install Screen Door & Delivery
1020,Lights And Ceiling Fan Cleaned
1010,Mirrors Cleaned
1076,Miscellaneous
1024,Move Furniture
1041,Multiple Services Discount
1000,Outside Windows And Screens
1063,Outside Windows Only
1014,Per Pane Price
1013,Per Window Price
1069,Pre-Soak Panels
1002,Pressure Wash
1043,Quote
1012,Repair Roof Tile(s)
1021,Re-Seal Concrete
1049,Rush Priority Service
1003,Sales
1047,Screen Door Grille
1059,Screen Door Wheels
1046,Screen Doors
1036,Screen Repair
1039,Screens - New
1031,Second Story Window Panes - Inside & Outside
1030,Second Story Window Panes - Outside Only
1050,Senior Discount
1068,Shower Enclosure
1053,Shower Glass
1026,Single Story Window Panes - Inside & Outside
1025,Single Story Window Panes - Outside Only
1058,Sky Light
1070,Soft Wash
1075,Solar Panel Cleaning - First Story
1032,Solar Panel Cleaning - Second Story
1009,Solar Panel Cleaning - Single Story
1005,Tip
1078,Touch Up
1052,Tracks
1067,Vacuum Tracks
1027,Vacuum Tracks - Per Track
1064,Velasquez Interiors
1011,WD-40 Tracks
1057,Weather Stripping - Bug Flap
1054,Weekend Appointment
1015,Wet Brush Screen
1065,Windows Full
1001,Windows In & Out - Full Service
1073,Workiz service fee
1074,Workiz tip
1019,XERO PURE Screen Clean
1028,Xero WET SCREEN Cleaner
